Handle,Title,Body (HTML),Vendor,Product Category,Type,Tags,Published,Option1 Name,Option1 Value,Option1 Linked To,Option2 Name,Option2 Value,Option2 Linked To,Option3 Name,Option3 Value,Option3 Linked To,Variant SKU,Variant Grams,Variant Inventory Tracker,Variant Inventory Qty,Variant Inventory Policy,Variant Fulfillment Service,Variant Price,Variant Compare At Price,Variant Requires Shipping,Variant Taxable,Unit Price Total Measure,Unit Price Total Measure Unit,Unit Price Base Measure,Unit Price Base Measure Unit,Variant Barcode,Image Src,Image Position,Image Alt Text,Gift Card,SEO Title,SEO Description,Variant Image,Variant Weight Unit,Variant Tax Code,Cost per item,Status
untitled-jun27_17-05-09,Untitled Jun27_17:05:09,,KAY OFFICIALS BY KASHA,,"","",false,Title,Default Title,,,,,,,,,0.0,shopify,0,deny,manual,0.00,,true,true,,,,,,,,,false,,,,kg,,,draft
real-techniques-everyday-essentials-brush-set,REAL TECHNIQUES | Everyday Essentials Brush Set,"<p><span>The Real Techniques Everyday Essentials Set is a one-and-done kit to elevate your makeup routine. This makeup brush kit comes with the brand’s fan favorite makeup tools: 400 Blush Brush, 300 Deluxe Crease Brush, 402 Setting Brush, 200 Expert Face Brush and our Miracle Complexion Sponge. These 5 makeup must-haves for your face, eyes, and cheeks include brushes with both fluffy and dense bristles, so they work with liquid, cream, and powder products.</span></p> <!---->",KAY OFFICIALS BY KASHA,Uncategorized,"","",false,Title,Default Title,,,,,,,,,0.0,,0,deny,manual,2219.00,5160.00,true,false,,,,,,https://cdn.shopify.com/s/files/1/0890/6968/2722/files/GlowGlam_Website_Images_9.jpg?v=1782382832,1,"",false,,,,kg,,,draft
real-techniques-everyday-essentials-brush-set,,,,,,,,,,,,,,,,,,,,,,,,,,,,,,,,https://cdn.shopify.com/s/files/1/0890/6968/2722/files/RTBrushSet2.webp?v=1782382832,2,"",,,,,,,,
real-techniques-everyday-essentials-brush-set,,,,,,,,,,,,,,,,,,,,,,,,,,,,,,,,https://cdn.shopify.com/s/files/1/0890/6968/2722/files/RTBrushSet3.webp?v=1782382832,3,"",,,,,,,,
sheglam-liquid-highlighter,SHEGLAM | Liquid Highlighter,"<p><span data-sheets-value='{""1"":2,""2"":""Details: Like a yummy treat for your face， our innovative highlighter delivers dewy shine for good measure. Apply it to your high points， like your cheekbones and beneath your brows.\r\n\r\n\r\n\r\nIngredents: Ingredients: mica， isononyl isononanoate， CI 77891， polydimethylsiloxane， phenyl trimethicone， silica， polyisobutylene， talc， polydimethylsiloxane cross-linking polymerization Compounds， hydroxystearic acid， microcrystalline wax， CI 77491， caprylyl glycol， tocopherol acetate， ethylhexylglycerol， tin oxide， triethoxyoctylsilane | Moonbeam: shimmery peach-goldBenefits: Long-wearing，Smudge Proof\r\nFinish: Metallic\r\nTexture: Powder""}' data-sheets-userformat='{""2"":15357,""3"":{""1"":0},""5"":{""1"":[{""1"":2,""2"":0,""5"":{""1"":2,""2"":0}},{""1"":0,""2"":0,""3"":3},{""1"":1,""2"":0,""4"":1}]},""6"":{""1"":[{""1"":2,""2"":0,""5"":{""1"":2,""2"":0}},{""1"":0,""2"":0,""3"":3},{""1"":1,""2"":0,""4"":1}]},""7"":{""1"":[{""1"":2,""2"":0,""5"":{""1"":2,""2"":0}},{""1"":0,""2"":0,""3"":3},{""1"":1,""2"":0,""4"":1}]},""8"":{""1"":[{""1"":2,""2"":0,""5"":{""1"":2,""2"":0}},{""1"":0,""2"":0,""3"":3},{""1"":1,""2"":0,""4"":1}]},""9"":1,""10"":0,""11"":4,""12"":0,""14"":{""1"":2,""2"":0},""15"":""Arial"",""16"":10}' data-mce-fragment=""1"">Like a yummy treat for your face, SheGlam Liquid Highlighter delivers a dewy shine to give that perfect sheer glow to your skin.</span></p> <p><span data-sheets-value='{""1"":2,""2"":""Details: Like a yummy treat for your face， our innovative highlighter delivers dewy shine for good measure. Apply it to your high points， like your cheekbones and beneath your brows.\r\n\r\n\r\n\r\nIngredents: Ingredients: mica， isononyl isononanoate， CI 77891， polydimethylsiloxane， phenyl trimethicone， silica， polyisobutylene， talc， polydimethylsiloxane cross-linking polymerization Compounds， hydroxystearic acid， microcrystalline wax， CI 77491， caprylyl glycol， tocopherol acetate， ethylhexylglycerol， tin oxide， triethoxyoctylsilane | Moonbeam: shimmery peach-goldBenefits: Long-wearing，Smudge Proof\r\nFinish: Metallic\r\nTexture: Powder""}' data-sheets-userformat='{""2"":15357,""3"":{""1"":0},""5"":{""1"":[{""1"":2,""2"":0,""5"":{""1"":2,""2"":0}},{""1"":0,""2"":0,""3"":3},{""1"":1,""2"":0,""4"":1}]},""6"":{""1"":[{""1"":2,""2"":0,""5"":{""1"":2,""2"":0}},{""1"":0,""2"":0,""3"":3},{""1"":1,""2"":0,""4"":1}]},""7"":{""1"":[{""1"":2,""2"":0,""5"":{""1"":2,""2"":0}},{""1"":0,""2"":0,""3"":3},{""1"":1,""2"":0,""4"":1}]},""8"":{""1"":[{""1"":2,""2"":0,""5"":{""1"":2,""2"":0}},{""1"":0,""2"":0,""3"":3},{""1"":1,""2"":0,""4"":1}]},""9"":1,""10"":0,""11"":4,""12"":0,""14"":{""1"":2,""2"":0},""15"":""Arial"",""16"":10}' data-mce-fragment=""1"">Apply it to your high points like your cheekbones and beneath your brows to achieve the highlighted look.</span></p> <p><span data-sheets-value='{""1"":2,""2"":""Details: Like a yummy treat for your face， our innovative highlighter delivers dewy shine for good measure. Apply it to your high points， like your cheekbones and beneath your brows.\r\n\r\n\r\n\r\nIngredents: Ingredients: mica， isononyl isononanoate， CI 77891， polydimethylsiloxane， phenyl trimethicone， silica， polyisobutylene， talc， polydimethylsiloxane cross-linking polymerization Compounds， hydroxystearic acid， microcrystalline wax， CI 77491， caprylyl glycol， tocopherol acetate， ethylhexylglycerol， tin oxide， triethoxyoctylsilane | Moonbeam: shimmery peach-goldBenefits: Long-wearing，Smudge Proof\r\nFinish: Metallic\r\nTexture: Powder""}' data-sheets-userformat='{""2"":15357,""3"":{""1"":0},""5"":{""1"":[{""1"":2,""2"":0,""5"":{""1"":2,""2"":0}},{""1"":0,""2"":0,""3"":3},{""1"":1,""2"":0,""4"":1}]},""6"":{""1"":[{""1"":2,""2"":0,""5"":{""1"":2,""2"":0}},{""1"":0,""2"":0,""3"":3},{""1"":1,""2"":0,""4"":1}]},""7"":{""1"":[{""1"":2,""2"":0,""5"":{""1"":2,""2"":0}},{""1"":0,""2"":0,""3"":3},{""1"":1,""2"":0,""4"":1}]},""8"":{""1"":[{""1"":2,""2"":0,""5"":{""1"":2,""2"":0}},{""1"":0,""2"":0,""3"":3},{""1"":1,""2"":0,""4"":1}]},""9"":1,""10"":0,""11"":4,""12"":0,""14"":{""1"":2,""2"":0},""15"":""Arial"",""16"":10}' data-mce-fragment=""1"">Master dupe</span></p>",KAY OFFICIALS BY KASHA,Uncategorized,"","",false,Shade,Vanilla Frost,,,,,,,,,0.0,,0,deny,manual,1359.00,3160.00,true,false,,,,,,https://cdn.shopify.com/s/files/1/0890/6968/2722/files/1.jpg?v=1782382831,1,"",false,,,https://cdn.shopify.com/s/files/1/0890/6968/2722/files/1.jpg?v=1782382831,kg,,,draft
sheglam-liquid-highlighter,,,,,,,,,Tea Cake,,,,,,,,,0.0,,0,deny,manual,1359.00,3160.00,true,false,,,,,,https://cdn.shopify.com/s/files/1/0890/6968/2722/files/5.jpg?v=1782382831,2,"",,,,https://cdn.shopify.com/s/files/1/0890/6968/2722/files/SheglamHighlighter-TeaCake.jpg?v=1782382831,kg,,,
sheglam-liquid-highlighter,,,,,,,,,Bellini Brunch,,,,,,,,,0.0,,0,deny,manual,1359.00,3160.00,true,false,,,,,,https://cdn.shopify.com/s/files/1/0890/6968/2722/files/ICYTheseshimmeringshadesaregivingusMAJORGLOWGetthedewy_cheek-loving_long-wearingglowwithourNEWGlowBloomLiquidHighlighter_ShopGlowBloomnowatSHEGLAM.comFeaturedProduct-GlowBl.jpg?v=1782382831,3,"",,,,https://cdn.shopify.com/s/files/1/0890/6968/2722/files/SheglamHighlighter-BellineBrunch.jpg?v=1782382831,kg,,,
sheglam-liquid-highlighter,,,,,,,,,,,,,,,,,,,,,,,,,,,,,,,,https://cdn.shopify.com/s/files/1/0890/6968/2722/files/SheglamHighlighter-TeaCake.jpg?v=1782382831,4,"",,,,,,,,
sheglam-liquid-highlighter,,,,,,,,,,,,,,,,,,,,,,,,,,,,,,,,https://cdn.shopify.com/s/files/1/0890/6968/2722/files/SheglamHighlighter-BellineBrunch.jpg?v=1782382831,5,"",,,,,,,,
laura-mercier-translucent-loose-setting-powder,LAURA MERCIER | Translucent Loose Setting Powder,"<p><span>Truly translucent, the #1 Setting Powder is a must-have to set and maintain the color of your foundation. Exceptionally milled to deliver incredible staying power without weight or texture so skin looks and feels soft, smooth and flawless from day to night.</span></p> <!---->",GlowGlamByMimi,,"","",false,Title,Default Title,,,,,,,,,0.0,,0,deny,manual,1703.00,3960.00,true,false,,,,,,https://cdn.shopify.com/s/files/1/0890/6968/2722/files/Laura-Mercier-Loose-Setting-Powder-Translucent.jpg?v=1782382830,1,"",false,,,,kg,,,draft
laura-mercier-translucent-loose-setting-powder,,,,,,,,,,,,,,,,,,,,,,,,,,,,,,,,https://cdn.shopify.com/s/files/1/0890/6968/2722/files/LauraMercier2.webp?v=1782382830,2,"",,,,,,,,
laura-mercier-translucent-loose-setting-powder,,,,,,,,,,,,,,,,,,,,,,,,,,,,,,,,https://cdn.shopify.com/s/files/1/0890/6968/2722/files/LauraMercierModel.webp?v=1782382830,3,"",,,,,,,,
essence-mascara,ESSENCE | Mascara,"<p><span>The I Love Extreme Volume Mascara from Essence is perfect for all volume lovers. The extra-large fiber brush ensures maximum volume and fullness for an extreme, dramatic look.</span></p> <p><span>The ultra-black pigments in this mascara provide intense color for bold and striking lashes. The extra-large brush ensures the deep color covers each lash in one swipe.</span></p> <!---->",GlowGlamByMimi,,"","",false,Title,Default Title,,,,,,,,,0.0,,0,deny,manual,843.00,1960.00,true,false,,,,,,https://cdn.shopify.com/s/files/1/0890/6968/2722/files/EssenceMascara_Main_Img.jpg?v=1782382829,1,"",false,,,,kg,,,draft
essence-mascara,,,,,,,,,,,,,,,,,,,,,,,,,,,,,,,,https://cdn.shopify.com/s/files/1/0890/6968/2722/files/Essence_Mascara_infp_d355eb30-ac52-4c7f-9792-ba4ec4752204.webp?v=1782382829,2,"",,,,,,,,
essence-mascara,,,,,,,,,,,,,,,,,,,,,,,,,,,,,,,,https://cdn.shopify.com/s/files/1/0890/6968/2722/files/Essence_MascaraBeforeAfter_efabb59e-8e2a-4fbc-9abb-88215c1caa18.jpg?v=1782382829,3,"",,,,,,,,
laniege-lip-sleeping-mask,LANEIGE | Lip Sleeping Mask,"<p><span>The iconic pout perfector and a special intensive-care leave-on mask for lips. With nourishing Berry Fruit Complex, Murumuru seed, and Shea butter, this hydrating lip mask delivers intense moisture and antioxidants while you sleep for visibly smoother, baby-soft lips in the AM.</span></p> <!---->",GlowGlamByMimi,,"","",false,Title,Default Title,,,,,,,,,0.0,,0,deny,manual,1273.00,2960.00,true,false,,,,,,https://cdn.shopify.com/s/files/1/0890/6968/2722/files/Laneige_Lip_Mask_Main_Img.jpg?v=1782382828,1,"",false,,,,kg,,,draft
laniege-lip-sleeping-mask,,,,,,,,,,,,,,,,,,,,,,,,,,,,,,,,https://cdn.shopify.com/s/files/1/0890/6968/2722/files/Keepcalmandberryon_ApplytheLipSleepingMaskbeforeyoufallasleepforsmoother_supplelipsbythetimeyouwakeupShoptheiconicLipSleepingMaskinBerry_Sephora_Amazonandus.laneige.c_1.jpg?v=1782382829,2,"",,,,,,,,
laniege-lip-sleeping-mask,,,,,,,,,,,,,,,,,,,,,,,,,,,,,,,,https://cdn.shopify.com/s/files/1/0890/6968/2722/files/LaneigeResults.jpg?v=1782382829,3,"",,,,,,,,
laniege-lip-sleeping-mask,,,,,,,,,,,,,,,,,,,,,,,,,,,,,,,,https://cdn.shopify.com/s/files/1/0890/6968/2722/files/Laneige_Img.jpg?v=1782382829,4,"",,,,,,,,
laniege-lip-sleeping-mask,,,,,,,,,,,,,,,,,,,,,,,,,,,,,,,,https://cdn.shopify.com/s/files/1/0890/6968/2722/files/Laneige_BeforeAfter.jpg?v=1782382828,5,"",,,,,,,,
carla-secret-full-face-palette,CARLA SECRET | Full Face Palette,"<p><span>This multi-functional makeup palette can complete your different makeup needs: blush, contour, and concealer. Infused with a range of natural, creamy matte shades, our palette helps you achieve a girly, apple skin look effortlessly.</span></p> <p><span>Mix and match to create custom shades that suit your unique makeup needs. Whether it is concealing imperfections, contouring your face, or adding a pop of color to your cheeks, it's a must-have for achieving flawless looks quickly.</span></p> <!---->",GlowGlamByMimi,,"","",false,shade,light,,,,,,,,,0.0,,0,deny,manual,1359.00,3160.00,true,false,,,,,,https://cdn.shopify.com/s/files/1/0890/6968/2722/files/BlushNConcealerMainImg.jpg?v=1782382828,1,"",false,,,https://cdn.shopify.com/s/files/1/0890/6968/2722/files/BlushNConcealerMainImg.jpg?v=1782382828,kg,,,draft
carla-secret-full-face-palette,,,,,,,,,medium,,,,,,,,,0.0,,0,deny,manual,1359.00,3160.00,true,false,,,,,,https://cdn.shopify.com/s/files/1/0890/6968/2722/files/BlushConcealerPaletteInfo.jpg?v=1782382828,2,"",,,,https://cdn.shopify.com/s/files/1/0890/6968/2722/files/GG_Website_Images_59.jpg?v=1782382828,kg,,,
carla-secret-full-face-palette,,,,,,,,,,,,,,,,,,,,,,,,,,,,,,,,https://cdn.shopify.com/s/files/1/0890/6968/2722/files/BlushConcealerPaletteInfo2.jpg?v=1782382828,3,"",,,,,,,,
carla-secret-full-face-palette,,,,,,,,,,,,,,,,,,,,,,,,,,,,,,,,https://cdn.shopify.com/s/files/1/0890/6968/2722/files/BeforeAfter.jpg?v=1782382828,4,"",,,,,,,,
carla-secret-full-face-palette,,,,,,,,,,,,,,,,,,,,,,,,,,,,,,,,https://cdn.shopify.com/s/files/1/0890/6968/2722/files/GG_Website_Images_58.jpg?v=1782382828,5,"",,,,,,,,
carla-secret-full-face-palette,,,,,,,,,,,,,,,,,,,,,,,,,,,,,,,,https://cdn.shopify.com/s/files/1/0890/6968/2722/files/GG_Website_Images_59.jpg?v=1782382828,6,"",,,,,,,,
ikt-hair-wax-stick,IKT | Hair Wax Stick,"<p><span>IKT Hair Wax Stick can fix all kinds of messy hairstyles, including broken, frizzy, or flyaway hair, without making them appear greasy or tacky. This allows you to make a quick hairstyle and get a clean, uncluttered look.</span></p> <p><span>Take out the wax stick and then apply it to your desired hair strands. This product is both easy to use and easy to clean. After using the hair wax stick, you can wash your hair with water and shampoo as usual and it will be all gone.</span></p> <!---->",GlowGlamByMimi,,"","",false,Title,Default Title,,,,,,,,,0.0,,0,deny,manual,1187.00,2760.00,true,false,,,,,,https://cdn.shopify.com/s/files/1/0890/6968/2722/files/GlowGlam_Website_Images_10.jpg?v=1782382827,1,"",false,,,,kg,,,draft
ikt-hair-wax-stick,,,,,,,,,,,,,,,,,,,,,,,,,,,,,,,,https://cdn.shopify.com/s/files/1/0890/6968/2722/files/ikt2.jpg?v=1782382827,2,"",,,,,,,,
ikt-hair-wax-stick,,,,,,,,,,,,,,,,,,,,,,,,,,,,,,,,https://cdn.shopify.com/s/files/1/0890/6968/2722/files/ikt.jpg?v=1782382827,3,"",,,,,,,,
ikt-hair-wax-stick,,,,,,,,,,,,,,,,,,,,,,,,,,,,,,,,https://cdn.shopify.com/s/files/1/0890/6968/2722/files/IKT_img.jpg?v=1782382827,4,"",,,,,,,,
bio-aqua-5-pack-sheet-masks,BIO AQUA | 5 Pack Sheet Masks,"<ul class="""" data-mce-fragment=""1""> <li><span>100% brand new and high quality.</span></li> <li><span>Nourish the skin.</span></li> <li><span>Moisturising.</span></li> <li><span>Helps against skin dryness.</span></li> <li><span>Nourishing, Hydrating, Moisturising, Oil Control, Whitening, Anti-aging, Shrink Pores.</span></li> </ul>",GlowGlamByMimi,,"","",false,Title,Default Title,,,,,,,,,0.0,,0,deny,manual,871.00,1980.00,true,false,,,,,,https://cdn.shopify.com/s/files/1/0890/6968/2722/files/GlowGlamWebsiteImages_17.jpg?v=1782382826,1,"",false,,,,kg,,,draft
bio-aqua-5-pack-sheet-masks,,,,,,,,,,,,,,,,,,,,,,,,,,,,,,,,https://cdn.shopify.com/s/files/1/0890/6968/2722/files/GlowGlamWebsiteImages_18.jpg?v=1782382826,2,"",,,,,,,,
sheglam-lip-oil,SHEGLAM | Lip Oil,"<p><span>Ditch the gloss and reach for SheGlam's moisturizing, non-sticky lip oil instead. Its innovative formula is infused with antioxidant fruit extract, hyaluronic acid and squalane to deliver a healthy, moisturizing shine that feels divine.</span></p> <p><span>Master Dupe.</span></p> <!---->",GlowGlamByMimi,,"","",false,Shades,Berry Involved,,,,,,,,,0.0,,0,deny,manual,740.00,1720.00,true,false,,,,,,https://cdn.shopify.com/s/files/1/0890/6968/2722/files/SheGlamLipOilMainImg.jpg?v=1782382825,1,"",false,,,https://cdn.shopify.com/s/files/1/0890/6968/2722/files/SheGlamLipOilBerryInvolved.jpg?v=1782382825,kg,,,draft
sheglam-lip-oil,,,,,,,,,Loco for Coco,,,,,,,,,0.0,,0,deny,manual,740.00,1720.00,true,false,,,,,,https://cdn.shopify.com/s/files/1/0890/6968/2722/files/SheGlamLipOilImg2.jpg?v=1782382825,2,"",,,,https://cdn.shopify.com/s/files/1/0890/6968/2722/files/SheGlamLipOilLocoForCoco.jpg?v=1782382825,kg,,,
sheglam-lip-oil,,,,,,,,,Grapefruit Glow,,,,,,,,,0.0,,0,deny,manual,654.00,1520.00,true,false,,,,,,https://cdn.shopify.com/s/files/1/0890/6968/2722/files/SheGlamLipOilLips.jpg?v=1782382825,3,"",,,,https://cdn.shopify.com/s/files/1/0890/6968/2722/files/SheGlamLipOilGrapefruitGlow.jpg?v=1782382825,kg,,,
sheglam-lip-oil,,,,,,,,,Mali-Blue Berry,,,,,,,,,0.0,,0,deny,manual,740.00,1720.00,true,false,,,,,,https://cdn.shopify.com/s/files/1/0890/6968/2722/files/SheGlamLipOilImg1.jpg?v=1782382825,4,"",,,,https://cdn.shopify.com/s/files/1/0890/6968/2722/files/SheGlamLipOilMaliBlueBerry.jpg?v=1782382825,kg,,,
sheglam-lip-oil,,,,,,,,,Green Apple Envy,,,,,,,,,0.0,,0,deny,manual,654.00,1520.00,true,false,,,,,,https://cdn.shopify.com/s/files/1/0890/6968/2722/files/SheGlamLipOilBerryInvolved.jpg?v=1782382825,5,"",,,,https://cdn.shopify.com/s/files/1/0890/6968/2722/files/SheGlamLipOilGreenAppleEnvy.jpg?v=1782382825,kg,,,
sheglam-lip-oil,,,,,,,,,Pack of all 5,,,,,,,,,0.0,,0,deny,manual,1875.00,4360.00,true,false,,,,,,https://cdn.shopify.com/s/files/1/0890/6968/2722/files/SheGlamLipOilGrapefruitGlow.jpg?v=1782382825,6,"",,,,https://cdn.shopify.com/s/files/1/0890/6968/2722/files/SheGlamLipOilImg1.jpg?v=1782382825,kg,,,
sheglam-lip-oil,,,,,,,,,,,,,,,,,,,,,,,,,,,,,,,,https://cdn.shopify.com/s/files/1/0890/6968/2722/files/SheGlamLipOilGreenAppleEnvy.jpg?v=1782382825,7,"",,,,,,,,
sheglam-lip-oil,,,,,,,,,,,,,,,,,,,,,,,,,,,,,,,,https://cdn.shopify.com/s/files/1/0890/6968/2722/files/SheGlamLipOilLocoForCoco.jpg?v=1782382825,8,"",,,,,,,,
sheglam-lip-oil,,,,,,,,,,,,,,,,,,,,,,,,,,,,,,,,https://cdn.shopify.com/s/files/1/0890/6968/2722/files/SheGlamLipOilMaliBlueBerry.jpg?v=1782382825,9,"",,,,,,,,
sheglam-cheek-lip-tint,SHEGLAM | Cheek & Lip Tint,"<p><span>Your natural flush and lip shade, but BETTER! This easy-to-use liquid cheek and lip tint provides a natural look that won't budge after a long day! Formulated with sodium hyaluronate and fucus extract, it also moisturizes your skin for cheeks and lips that are ultra pink and plump!</span></p> <p><span>Dupe</span></p>",GlowGlamByMimi,,"","",false,Shades,It's Chili,,,,,,,,,0.0,,0,deny,manual,1015.00,2360.00,true,false,,,,,,https://cdn.shopify.com/s/files/1/0890/6968/2722/files/SheglamTint-MainImg_201c7649-473d-44d7-87c8-f98afbc64c10.jpg?v=1782382824,1,"",false,,,https://cdn.shopify.com/s/files/1/0890/6968/2722/files/SheglamTint-It_sChili_63821121-4417-48ec-9f37-a0406161561f.jpg?v=1782382824,kg,,,draft
sheglam-cheek-lip-tint,,,,,,,,,Cherry Picked,,,,,,,,,0.0,,0,deny,manual,1015.00,2360.00,true,false,,,,,,https://cdn.shopify.com/s/files/1/0890/6968/2722/files/SheglamTint-Info_78231be1-f666-4a9c-90bb-7a3337960e1a.jpg?v=1782382824,2,"",,,,https://cdn.shopify.com/s/files/1/0890/6968/2722/files/SheglamTint-CherryPicked_bdc303ca-9890-499a-83dc-c01eae936cf6.jpg?v=1782382824,kg,,,
sheglam-cheek-lip-tint,,,,,,,,,Fruit Punch,,,,,,,,,0.0,,0,deny,manual,1015.00,2360.00,true,false,,,,,,https://cdn.shopify.com/s/files/1/0890/6968/2722/files/SheglamTint-It_sChili_63821121-4417-48ec-9f37-a0406161561f.jpg?v=1782382824,3,"",,,,https://cdn.shopify.com/s/files/1/0890/6968/2722/files/SheglamTint-FruitPunch_8454e093-4e24-43c6-81ee-dd31df9417d1.jpg?v=1782382824,kg,,,
sheglam-cheek-lip-tint,,,,,,,,,Pack of 3,,,,,,,,,0.0,,0,deny,manual,2391.00,5560.00,true,false,,,,,,https://cdn.shopify.com/s/files/1/0890/6968/2722/files/SheglamTint-CherryPicked_bdc303ca-9890-499a-83dc-c01eae936cf6.jpg?v=1782382824,4,"",,,,https://cdn.shopify.com/s/files/1/0890/6968/2722/files/SheglamTint-MainImg_201c7649-473d-44d7-87c8-f98afbc64c10.jpg?v=1782382824,kg,,,
sheglam-cheek-lip-tint,,,,,,,,,,,,,,,,,,,,,,,,,,,,,,,,https://cdn.shopify.com/s/files/1/0890/6968/2722/files/SheglamTint-FruitPunch_8454e093-4e24-43c6-81ee-dd31df9417d1.jpg?v=1782382824,5,"",,,,,,,,
sheglam-cheek-lip-tint,,,,,,,,,,,,,,,,,,,,,,,,,,,,,,,,https://cdn.shopify.com/s/files/1/0890/6968/2722/files/SheglamTint-Swatches_f9498169-556c-4238-99e8-7aeee8ecb7c9.jpg?v=1782382824,6,"",,,,,,,,
mac-bullet-lipstick,MAC | Bullet Lipstick,<p></p>,GlowGlamByMimi,,"","",false,Shade,Ruby Woo,,,,,,,,,0.0,,0,deny,manual,886.00,2060.00,true,false,,,,,,https://cdn.shopify.com/s/files/1/0890/6968/2722/files/mainimg.jpg?v=1782382823,1,"",false,,,https://cdn.shopify.com/s/files/1/0890/6968/2722/files/146.jpg?v=1782382823,kg,,,draft
mac-bullet-lipstick,,,,,,,,,Russian Red,,,,,,,,,0.0,,0,deny,manual,886.00,2060.00,true,false,,,,,,https://cdn.shopify.com/s/files/1/0890/6968/2722/files/31lV6c4SHsL._SL1080.jpg?v=1782382823,2,"",,,,https://cdn.shopify.com/s/files/1/0890/6968/2722/files/144.jpg?v=1782382823,kg,,,
mac-bullet-lipstick,,,,,,,,,Lady Bug,,,,,,,,,0.0,,0,deny,manual,886.00,2060.00,true,false,,,,,,https://cdn.shopify.com/s/files/1/0890/6968/2722/files/mac_ladybug001.jpg?v=1782382823,3,"",,,,https://cdn.shopify.com/s/files/1/0890/6968/2722/files/145.jpg?v=1782382823,kg,,,
mac-bullet-lipstick,,,,,,,,,,,,,,,,,,,,,,,,,,,,,,,,https://cdn.shopify.com/s/files/1/0890/6968/2722/files/146.jpg?v=1782382823,4,"",,,,,,,,
mac-bullet-lipstick,,,,,,,,,,,,,,,,,,,,,,,,,,,,,,,,https://cdn.shopify.com/s/files/1/0890/6968/2722/files/144.jpg?v=1782382823,5,"",,,,,,,,
mac-bullet-lipstick,,,,,,,,,,,,,,,,,,,,,,,,,,,,,,,,https://cdn.shopify.com/s/files/1/0890/6968/2722/files/145.jpg?v=1782382823,6,"",,,,,,,,
laneige-mini-lip-sleeping-mask-3g,LANEIGE | Mini Lip Sleeping Mask - 3g,"<p><span>This Laneige Mini Berry Lip Mask is an amazing way to nourish and hydrate your lips. It's so good that it's a staple in many households. </span></p> <p><span>This mask has a mini, travel-friendly size for on-the-go hydration. It's sure to leave your lips feeling soft and pampered.</span></p> <!---->",GlowGlamByMimi,,"","",false,Title,Default Title,,,,,,,,,0.0,,0,deny,manual,585.00,1360.00,true,false,,,,,,https://cdn.shopify.com/s/files/1/0890/6968/2722/files/147.jpg?v=1782382822,1,"",false,,,,kg,,,draft
laneige-mini-lip-sleeping-mask-3g,,,,,,,,,,,,,,,,,,,,,,,,,,,,,,,,https://cdn.shopify.com/s/files/1/0890/6968/2722/files/148.jpg?v=1782382822,2,"",,,,,,,,
laneige-mini-lip-sleeping-mask-3g,,,,,,,,,,,,,,,,,,,,,,,,,,,,,,,,https://cdn.shopify.com/s/files/1/0890/6968/2722/files/149.jpg?v=1782382822,3,"",,,,,,,,
tarte-shape-tape-concealer,TARTE | Shape Tape Concealer,<p>-Full coverage formula for 16 hrs of flawless wear</p> <p>-Smooths &amp; brightens to make eyes appear lifted</p> <p>-Crease-proof formula won’t cake or settle</p> <p>-Helps smooth &amp; blur appearance of fine lines &amp; wrinkles</p> <p>-Applies easily with jumbo speed smooth</p> <p>Master dupe</p> <!---->,GlowGlamByMimi,,"","",false,Shade,12S Fair,,,,,,,,,0.0,,0,deny,manual,1187.00,2760.00,true,false,,,,,,https://cdn.shopify.com/s/files/1/0890/6968/2722/files/165.jpg?v=1782382822,1,"",false,,,,kg,,,draft
tarte-shape-tape-concealer,,,,,,,,,20B Light,,,,,,,,,0.0,,0,deny,manual,1187.00,2760.00,true,false,,,,,,https://cdn.shopify.com/s/files/1/0890/6968/2722/files/166.jpg?v=1782382822,2,"",,,,,kg,,,
tarte-shape-tape-concealer,,,,,,,,,12N Fair Neutral,,,,,,,,,0.0,,0,deny,manual,1187.00,2760.00,true,false,,,,,,https://cdn.shopify.com/s/files/1/0890/6968/2722/files/167.jpg?v=1782382821,3,"",,,,,kg,,,
tarte-shape-tape-concealer,,,,,,,,,20S Light Sand,,,,,,,,,0.0,,0,deny,manual,1187.00,2760.00,true,false,,,,,,https://cdn.shopify.com/s/files/1/0890/6968/2722/files/168.jpg?v=1782382822,4,"",,,,,kg,,,
tarte-shape-tape-concealer,,,,,,,,,29N Light Medium,,,,,,,,,0.0,,0,deny,manual,1187.00,2760.00,true,false,,,,,,https://cdn.shopify.com/s/files/1/0890/6968/2722/files/12N.jpg?v=1782382822,5,"",,,,,kg,,,
tarte-shape-tape-concealer,,,,,,,,,35N Medium,,,,,,,,,0.0,,0,deny,manual,1187.00,2760.00,true,false,,,,,,https://cdn.shopify.com/s/files/1/0890/6968/2722/files/20S.jpg?v=1782382821,6,"",,,,,kg,,,
tarte-shape-tape-concealer,,,,,,,,,,,,,,,,,,,,,,,,,,,,,,,,https://cdn.shopify.com/s/files/1/0890/6968/2722/files/29N.jpg?v=1782382821,7,"",,,,,,,,
tarte-shape-tape-concealer,,,,,,,,,,,,,,,,,,,,,,,,,,,,,,,,https://cdn.shopify.com/s/files/1/0890/6968/2722/files/GG_Website_Images_17.jpg?v=1782382822,8,"",,,,,,,,
maybelline-lifter-gloss,MAYBELLINE |  Lifter Gloss,"<p>Master Copy.</p> <p>This<span> gloss works to visibly smooth the surface of the lips while enhancing their natural contour, giving them a plumper, lifted appearance with a high-shine finish that catches the light beautifully.</span></p> <p> </p>",GlowGlamByMimi,,"","",false,Shade,001 Pearl,,,,,,,,,0.0,,0,deny,manual,1179.00,2680.00,true,false,,,,,,https://cdn.shopify.com/s/files/1/0890/6968/2722/files/LifterGloss005Petal.jpg?v=1782382820,1,"",false,,,https://cdn.shopify.com/s/files/1/0890/6968/2722/files/LifterGloss001Pearl_1efdfc8e-8cf3-40f8-b269-bb24cbd4b42d.jpg?v=1782382820,kg,,,draft
maybelline-lifter-gloss,,,,,,,,,002 Ice,,,,,,,,,0.0,,0,deny,manual,1179.00,2680.00,true,false,,,,,,https://cdn.shopify.com/s/files/1/0890/6968/2722/files/LifterGlossInfo.jpg?v=1782382820,2,"",,,,https://cdn.shopify.com/s/files/1/0890/6968/2722/files/LifterGloss001Pearl_1efdfc8e-8cf3-40f8-b269-bb24cbd4b42d.jpg?v=1782382820,kg,,,
maybelline-lifter-gloss,,,,,,,,,003 Moon,,,,,,,,,0.0,,0,deny,manual,1179.00,2680.00,true,false,,,,,,https://cdn.shopify.com/s/files/1/0890/6968/2722/files/LifterGlossShades.jpg?v=1782382820,3,"",,,,https://cdn.shopify.com/s/files/1/0890/6968/2722/files/LifterGloss003Moon_ac5b365c-3e08-4ea1-b2a2-2f656cf59dd6.jpg?v=1782382821,kg,,,
maybelline-lifter-gloss,,,,,,,,,004 Silk,,,,,,,,,0.0,,0,deny,manual,1179.00,2680.00,true,false,,,,,,https://cdn.shopify.com/s/files/1/0890/6968/2722/files/LifterGloss002Ice_7570e259-fdc2-430f-bc52-a07912725518.jpg?v=1782382820,4,"",,,,https://cdn.shopify.com/s/files/1/0890/6968/2722/files/LifterGloss004Silk_17b96ca6-898e-49e1-84fd-87a5a7e314cb.jpg?v=1782382820,kg,,,
maybelline-lifter-gloss,,,,,,,,,005 Petal,,,,,,,,,0.0,,0,deny,manual,1179.00,2680.00,true,false,,,,,,https://cdn.shopify.com/s/files/1/0890/6968/2722/files/LifterGloss001Pearl_1efdfc8e-8cf3-40f8-b269-bb24cbd4b42d.jpg?v=1782382820,5,"",,,,https://cdn.shopify.com/s/files/1/0890/6968/2722/files/LifterGloss005Petal.jpg?v=1782382820,kg,,,
maybelline-lifter-gloss,,,,,,,,,006 Reef,,,,,,,,,0.0,,0,deny,manual,1179.00,2680.00,true,false,,,,,,https://cdn.shopify.com/s/files/1/0890/6968/2722/files/LifterGloss003Moon_ac5b365c-3e08-4ea1-b2a2-2f656cf59dd6.jpg?v=1782382821,6,"",,,,https://cdn.shopify.com/s/files/1/0890/6968/2722/files/LifterGloss006Reef_625cab60-7fc5-4d63-8c23-3079a6fed6f5.jpg?v=1782382820,kg,,,
maybelline-lifter-gloss,,,,,,,,,007 Amber,,,,,,,,,0.0,,0,deny,manual,1179.00,2680.00,true,false,,,,,,https://cdn.shopify.com/s/files/1/0890/6968/2722/files/LifterGloss004Silk_17b96ca6-898e-49e1-84fd-87a5a7e314cb.jpg?v=1782382820,7,"",,,,https://cdn.shopify.com/s/files/1/0890/6968/2722/files/LifterGloss007Amber_b4698974-5078-4cb1-a84f-3cabefa1e0e4.jpg?v=1782382820,kg,,,
maybelline-lifter-gloss,,,,,,,,,008 Stone,,,,,,,,,0.0,,0,deny,manual,1179.00,2680.00,true,false,,,,,,https://cdn.shopify.com/s/files/1/0890/6968/2722/files/LifterGloss006Reef_625cab60-7fc5-4d63-8c23-3079a6fed6f5.jpg?v=1782382820,8,"",,,,https://cdn.shopify.com/s/files/1/0890/6968/2722/files/LifterGloss008Stone_42cdb3b2-38b3-4bdd-ae02-869153b2b0bc.jpg?v=1782382820,kg,,,
maybelline-lifter-gloss,,,,,,,,,009 Topaz,,,,,,,,,0.0,,0,deny,manual,1179.00,2680.00,true,false,,,,,,https://cdn.shopify.com/s/files/1/0890/6968/2722/files/LifterGloss007Amber_b4698974-5078-4cb1-a84f-3cabefa1e0e4.jpg?v=1782382820,9,"",,,,https://cdn.shopify.com/s/files/1/0890/6968/2722/files/LifterGloss009Topaz_85c6e5bf-028a-42e4-9544-cb523cf1e4c0.jpg?v=1782382820,kg,,,
maybelline-lifter-gloss,,,,,,,,,010 Crystal,,,,,,,,,0.0,,0,deny,manual,1179.00,2680.00,true,false,,,,,,https://cdn.shopify.com/s/files/1/0890/6968/2722/files/LifterGloss008Stone_42cdb3b2-38b3-4bdd-ae02-869153b2b0bc.jpg?v=1782382820,10,"",,,,https://cdn.shopify.com/s/files/1/0890/6968/2722/files/LifterGloss010Crystal_49eef0f1-8699-46ef-81ad-103194508af8.jpg?v=1782382820,kg,,,
maybelline-lifter-gloss,,,,,,,,,011 Brass,,,,,,,,,0.0,,0,deny,manual,1179.00,2680.00,true,false,,,,,,https://cdn.shopify.com/s/files/1/0890/6968/2722/files/LifterGloss009Topaz_85c6e5bf-028a-42e4-9544-cb523cf1e4c0.jpg?v=1782382820,11,"",,,,https://cdn.shopify.com/s/files/1/0890/6968/2722/files/LifterGloss011Brass_43b9c994-2439-45cb-9d9f-97e15e57ca5c.jpg?v=1782382820,kg,,,
maybelline-lifter-gloss,,,,,,,,,012 Opal,,,,,,,,,0.0,,0,deny,manual,1179.00,2680.00,true,false,,,,,,https://cdn.shopify.com/s/files/1/0890/6968/2722/files/LifterGloss010Crystal_49eef0f1-8699-46ef-81ad-103194508af8.jpg?v=1782382820,12,"",,,,https://cdn.shopify.com/s/files/1/0890/6968/2722/files/LifterGloss012Opal_a22ad14a-fc77-42a0-8f29-dc20097f47bc.jpg?v=1782382821,kg,,,
maybelline-lifter-gloss,,,,,,,,,,,,,,,,,,,,,,,,,,,,,,,,https://cdn.shopify.com/s/files/1/0890/6968/2722/files/LifterGloss011Brass_43b9c994-2439-45cb-9d9f-97e15e57ca5c.jpg?v=1782382820,13,"",,,,,,,,
maybelline-lifter-gloss,,,,,,,,,,,,,,,,,,,,,,,,,,,,,,,,https://cdn.shopify.com/s/files/1/0890/6968/2722/files/LifterGloss012Opal_a22ad14a-fc77-42a0-8f29-dc20097f47bc.jpg?v=1782382821,14,"",,,,,,,,
essence-lash-princess-mascara,ESSENCE | Lash Princess Mascara,"<p><span class=""a-list-item"">NO FALSIES NEEDED! Lash Princess False Lash Mascara defines and separates lashes while achieving a bold look.</span></p>",GlowGlamByMimi,,"","",false,Title,Default Title,,,,,,,,,0.0,,0,deny,manual,1101.00,2560.00,true,false,,,,,,https://cdn.shopify.com/s/files/1/0890/6968/2722/files/195.jpg?v=1782382819,1,"",false,,,,kg,,,draft
essence-lash-princess-mascara,,,,,,,,,,,,,,,,,,,,,,,,,,,,,,,,https://cdn.shopify.com/s/files/1/0890/6968/2722/files/196.jpg?v=1782382819,2,"",,,,,,,,
essence-lash-princess-mascara,,,,,,,,,,,,,,,,,,,,,,,,,,,,,,,,https://cdn.shopify.com/s/files/1/0890/6968/2722/files/197.jpg?v=1782382819,3,"",,,,,,,,
hudamoji-empowered-eyeshadow-palette,Hudamoji | EmPowered Eyeshadow Palette,"<p>Expertly crafted with a range of versatile shades, this palette allows you to create endless eye-catching looks. With high-quality pigments and a blendable formula, achieve a flawless, long-lasting finish. Perfect for both beginners and makeup enthusiasts alike.</p>",GlowGlamByMimi,,"","",false,Title,Default Title,,,,,,,,,0.0,,0,deny,manual,1531.00,3560.00,true,false,,,,,,https://cdn.shopify.com/s/files/1/0890/6968/2722/files/194.jpg?v=1782382818,1,"",false,,,,kg,,,draft
hudamoji-empowered-eyeshadow-palette,,,,,,,,,,,,,,,,,,,,,,,,,,,,,,,,https://cdn.shopify.com/s/files/1/0890/6968/2722/files/193.jpg?v=1782382818,2,"",,,,,,,,
victorias-secret-coconut-passion-fragrance-mist-250ml,Victoria's Secret | Coconut Passion Fragrance Mist - 250ml,"<p>Coconut Passion by Victoria's Secret is a Soft Floral Fruity fragrance for women that will leave you feeling confident and irresistible. Coconut Passion is a sensual blend of vanilla, coconut and lily-of-the-valley.</p>",GlowGlamByMimi,,"","",false,Title,Default Title,,,,,,,,,0.0,,0,deny,manual,2047.00,4760.00,true,false,,,,,,https://cdn.shopify.com/s/files/1/0890/6968/2722/files/Coconutpassion.webp?v=1782382817,1,"",false,,,,kg,,,draft
gucci-flora-gorgeous-gardenia-edt-100-ml,GUCCI | Flora Gorgeous Gardenia EDT - 100 ml,<p></p>,GlowGlamByMimi,,"","",false,Title,Default Title,,,,,,,,,0.0,,0,deny,manual,4283.00,9960.00,true,false,,,,,,https://cdn.shopify.com/s/files/1/0890/6968/2722/files/gucciflora_31bcb282-3a9d-45fe-9904-b9cbb3b34e8f.webp?v=1782382817,1,"",false,,,,kg,,,draft
victorias-secret-bombshell-eau-de-parfum-100ml,Victoria's Secret | Bombshell Eau de Parfum - 100ml,<p></p>,GlowGlamByMimi,,"","",false,Title,Default Title,,,,,,,,,0.0,,0,deny,manual,4283.00,9960.00,true,false,,,,,,https://cdn.shopify.com/s/files/1/0890/6968/2722/files/bombshell.webp?v=1782382816,1,"",false,,,,kg,,,draft
carolina-herrera-good-girl-eau-de-parfum-80ml,Carolina Herrera | Good Girl Eau de Parfum - 80ml,<p></p>,GlowGlamByMimi,,"","",false,Title,Default Title,,,,,,,,,0.0,,0,deny,manual,4283.00,9960.00,true,false,,,,,,https://cdn.shopify.com/s/files/1/0890/6968/2722/files/carolina-herrera-good-girl-eau-de-parfum-edp-fullbox.jpg?v=1782382815,1,"",false,,,,kg,,,draft
ysl-libre-women-edp-90ml,YSL| LIBRE Women EDP - 90ML,<p></p>,GlowGlamByMimi,,"","",false,Title,Default Title,,,,,,,,,0.0,,0,deny,manual,4283.00,9960.00,true,false,,,,,,https://cdn.shopify.com/s/files/1/0890/6968/2722/files/YSL_LIBRE_WOMEN_EDP_90ML_-_Makeup_Stash_Pakistan-2935231.webp?v=1782382814,1,"",false,,,,kg,,,draft
gucci-bloom-eau-de-parfum-100ml,GUCCI | Bloom Eau de Parfum - 100ml,<p></p>,GlowGlamByMimi,,"","",false,Title,Default Title,,,,,,,,,0.0,,0,deny,manual,4283.00,9960.00,true,false,,,,,,https://cdn.shopify.com/s/files/1/0890/6968/2722/files/gucci-bloom-eau-de-parfum-100ml.webp?v=1782382813,1,"",false,,,,kg,,,draft
gucci-bloom-ambrosia-di-fiori-eau-de-parfum-100ml,GUCCI | Bloom Ambrosia Di Fiori Eau de Parfum - 100ml,<p></p>,GlowGlamByMimi,,"","",false,Title,Default Title,,,,,,,,,0.0,,0,deny,manual,4283.00,9960.00,true,false,,,,,,https://cdn.shopify.com/s/files/1/0890/6968/2722/files/gucci-bloom-ambrosia-di-fiori-eau-de-parfum-intense-50ml.jpg?v=1782382813,1,"",false,,,,kg,,,draft
dior-sauvage-eau-de-parfum-100ml,DIOR | Sauvage Eau De Parfum - 100ml,<p></p>,GlowGlamByMimi,,"","",false,Title,Default Title,,,,,,,,,0.0,,0,deny,manual,4283.00,9960.00,true,false,,,,,,https://cdn.shopify.com/s/files/1/0890/6968/2722/files/diorsauvage.webp?v=1782382812,1,"",false,,,,kg,,,draft
dior-joy-eau-de-parfum-90ml,DIOR | Joy Eau De Parfum - 90ml,<p></p>,GlowGlamByMimi,,"","",false,Title,Default Title,,,,,,,,,0.0,,0,deny,manual,4283.00,9960.00,true,false,,,,,,https://cdn.shopify.com/s/files/1/0890/6968/2722/files/GlowGlamWebsiteImages_50.jpg?v=1782382811,1,"",false,,,,kg,,,draft
rhode-peptide-lip-tint,RHODE | Peptide Lip Tint,"<p>Rhode Peptide Lip Tints offers number of benefits, combining a hint of buildable color, a glossy finish, and a nourishing lip treatment in one. These innovative tints not only flatter the lips with a subtle wash of color but also work to promote a plumper appearance thanks to peptides.</p> <p>Master Dupe</p>",GlowGlamByMimi,,"","",false,Shade,Raspberry,,,,,,,,,0.0,,0,deny,manual,929.00,2160.00,true,false,,,,,,https://cdn.shopify.com/s/files/1/0890/6968/2722/files/Rhodethepeptideliptint_17765d53-6264-484d-b113-f23790cbdd35.webp?v=1782382810,1,"",false,,,https://cdn.shopify.com/s/files/1/0890/6968/2722/files/raspberry.webp?v=1782382810,kg,,,draft
rhode-peptide-lip-tint,,,,,,,,,Espresso,,,,,,,,,0.0,,0,deny,manual,929.00,2160.00,true,false,,,,,,https://cdn.shopify.com/s/files/1/0890/6968/2722/files/rhodeswatch.webp?v=1782382810,2,"",,,,https://cdn.shopify.com/s/files/1/0890/6968/2722/files/espresso.webp?v=1782382810,kg,,,
rhode-peptide-lip-tint,,,,,,,,,Ribbon,,,,,,,,,0.0,,0,deny,manual,929.00,2160.00,true,false,,,,,,https://cdn.shopify.com/s/files/1/0890/6968/2722/files/LipTintSwatches-2-1113x1536_6169354a-21f1-4077-872f-9b4a22670b45.jpg?v=1782382810,3,"",,,,https://cdn.shopify.com/s/files/1/0890/6968/2722/files/ribbon.webp?v=1782382810,kg,,,
rhode-peptide-lip-tint,,,,,,,,,Toast,,,,,,,,,0.0,,0,deny,manual,929.00,2160.00,true,false,,,,,,https://cdn.shopify.com/s/files/1/0890/6968/2722/files/espresso.webp?v=1782382810,4,"",,,,https://cdn.shopify.com/s/files/1/0890/6968/2722/files/toast.webp?v=1782382810,kg,,,
rhode-peptide-lip-tint,,,,,,,,,Salty Tan,,,,,,,,,0.0,,0,deny,manual,929.00,2160.00,true,false,,,,,,https://cdn.shopify.com/s/files/1/0890/6968/2722/files/raspberry.webp?v=1782382810,5,"",,,,https://cdn.shopify.com/s/files/1/0890/6968/2722/files/Rhode-The-Peptide-Lip-Tints-salty-tan-in-pakistan.webp?v=1782382810,kg,,,
rhode-peptide-lip-tint,,,,,,,,,Guava Spritz,,,,,,,,,0.0,,0,deny,manual,929.00,2160.00,true,false,,,,,,https://cdn.shopify.com/s/files/1/0890/6968/2722/files/ribbon.webp?v=1782382810,6,"",,,,https://cdn.shopify.com/s/files/1/0890/6968/2722/files/Guava_Spiritz_c69d8112-1bb3-4769-beec-4a00ad316503.webp?v=1782382810,kg,,,
rhode-peptide-lip-tint,,,,,,,,,Peach Pit,,,,,,,,,0.0,,0,deny,manual,929.00,2160.00,true,false,,,,,,https://cdn.shopify.com/s/files/1/0890/6968/2722/files/toast.webp?v=1782382810,7,"",,,,https://cdn.shopify.com/s/files/1/0890/6968/2722/files/Peach_280fd3a6-0fec-47df-a8ad-46a7b9fb48e5.webp?v=1782382810,kg,,,
rhode-peptide-lip-tint,,,,,,,,,Short Cake,,,,,,,,,0.0,,0,deny,manual,929.00,2160.00,true,false,,,,,,https://cdn.shopify.com/s/files/1/0890/6968/2722/files/Rhode-The-Peptide-Lip-Tints-salty-tan-in-pakistan.webp?v=1782382810,8,"",,,,https://cdn.shopify.com/s/files/1/0890/6968/2722/files/Shortcake.webp?v=1782382810,kg,,,
rhode-peptide-lip-tint,,,,,,,,,Strawberry Glaze,,,,,,,,,0.0,,0,deny,manual,929.00,2160.00,true,false,,,,,,https://cdn.shopify.com/s/files/1/0890/6968/2722/files/Guava_Spiritz_c69d8112-1bb3-4769-beec-4a00ad316503.webp?v=1782382810,9,"",,,,https://cdn.shopify.com/s/files/1/0890/6968/2722/files/STRAWBERRY_2.jpg?v=1782382810,kg,,,
rhode-peptide-lip-tint,,,,,,,,,Cinnamon Roll,,,,,,,,,0.0,,0,deny,manual,929.00,2160.00,true,false,,,,,,https://cdn.shopify.com/s/files/1/0890/6968/2722/files/Peach_280fd3a6-0fec-47df-a8ad-46a7b9fb48e5.webp?v=1782382810,10,"",,,,https://cdn.shopify.com/s/files/1/0890/6968/2722/files/CINNAMON_ROLL.jpg?v=1782382810,kg,,,
rhode-peptide-lip-tint,,,,,,,,,Vanilla cake,,,,,,,,,0.0,,0,deny,manual,929.00,2160.00,true,false,,,,,,https://cdn.shopify.com/s/files/1/0890/6968/2722/files/Shortcake.webp?v=1782382810,11,"",,,,https://cdn.shopify.com/s/files/1/0890/6968/2722/files/VANILLA_CAKE.jpg?v=1782382810,kg,,,
rhode-peptide-lip-tint,,,,,,,,,Rhode Vanilla,,,,,,,,,0.0,,0,deny,manual,929.00,2160.00,true,false,,,,,,https://cdn.shopify.com/s/files/1/0890/6968/2722/files/CINNAMON_ROLL.jpg?v=1782382810,12,"",,,,https://cdn.shopify.com/s/files/1/0890/6968/2722/files/VANILA.jpg?v=1782382810,kg,,,
rhode-peptide-lip-tint,,,,,,,,,Sugar Cookie,,,,,,,,,0.0,,0,deny,manual,929.00,2160.00,true,false,,,,,,https://cdn.shopify.com/s/files/1/0890/6968/2722/files/STRAWBERRY_2.jpg?v=1782382810,13,"",,,,https://cdn.shopify.com/s/files/1/0890/6968/2722/files/SUGAR_COOKIE.jpg?v=1782382810,kg,,,
rhode-peptide-lip-tint,,,,,,,,,,,,,,,,,,,,,,,,,,,,,,,,https://cdn.shopify.com/s/files/1/0890/6968/2722/files/SUGAR_COOKIE.jpg?v=1782382810,14,"",,,,,,,,
rhode-peptide-lip-tint,,,,,,,,,,,,,,,,,,,,,,,,,,,,,,,,https://cdn.shopify.com/s/files/1/0890/6968/2722/files/VANILA.jpg?v=1782382810,15,"",,,,,,,,
rhode-peptide-lip-tint,,,,,,,,,,,,,,,,,,,,,,,,,,,,,,,,https://cdn.shopify.com/s/files/1/0890/6968/2722/files/VANILLA_CAKE.jpg?v=1782382810,16,"",,,,,,,,
rhode-pocket-blushes,RHODE | Pocket Blushes,"<p>A little blush for a little flush. Rhode's on-the-go cream blush wakes up cheeks and lips with a satiny, diffused flush that melts on smoothly and stays all day. It’s a lightweight formula that hydrates skin for baby-soft cheeks and leaves a glowy finish without a greasy feel.</p> <p>Master Dupe</p>",GlowGlamByMimi,,"","",false,Shade,Piggy - Juicy Pink,,,,,,,,,0.0,,0,deny,manual,1187.00,2760.00,true,false,,,,,,https://cdn.shopify.com/s/files/1/0890/6968/2722/files/Rhode-The-Pocket-Blushes-in-pakistan.webp?v=1782382809,1,"",false,,,https://cdn.shopify.com/s/files/1/0890/6968/2722/files/Rhode-blush-piggy-in-pakistan.webp?v=1782382809,kg,,,draft
rhode-pocket-blushes,,,,,,,,,Juice Box - Hot Pink,,,,,,,,,0.0,,0,deny,manual,1187.00,2760.00,true,false,,,,,,https://cdn.shopify.com/s/files/1/0890/6968/2722/files/ordered_juice_box_rhode_blush__1718934262_28df0543_progressive.webp?v=1782382809,2,"",,,,https://cdn.shopify.com/s/files/1/0890/6968/2722/files/Rhode-The-Pocket-Blushes-juice-box-in-pakistan.webp?v=1782382809,kg,,,
rhode-pocket-blushes,,,,,,,,,Sleepy Girl - Soft Mauve,,,,,,,,,0.0,,0,deny,manual,1187.00,2760.00,true,false,,,,,,https://cdn.shopify.com/s/files/1/0890/6968/2722/files/Rhode-The-Pocket-Blushes-toasted-teddy-in-pakistan.webp?v=1782382809,3,"",,,,https://cdn.shopify.com/s/files/1/0890/6968/2722/files/Rhode-The-Pocket-Blushes-sleepy-girl-in-pakistan.webp?v=1782382809,kg,,,
rhode-pocket-blushes,,,,,,,,,Toasted Teddy - Bronze Terracotta,,,,,,,,,0.0,,0,deny,manual,1187.00,2760.00,true,false,,,,,,https://cdn.shopify.com/s/files/1/0890/6968/2722/files/Rhode-The-Pocket-Blushes-juice-box-in-pakistan.webp?v=1782382809,4,"",,,,https://cdn.shopify.com/s/files/1/0890/6968/2722/files/Rhode-The-Pocket-Blushes-toasted-teddy-in-pakistan.webp?v=1782382809,kg,,,
rhode-pocket-blushes,,,,,,,,,Freckle - Neutral Peach,,,,,,,,,0.0,,0,deny,manual,1187.00,2760.00,true,false,,,,,,https://cdn.shopify.com/s/files/1/0890/6968/2722/files/Rhode-The-Pocket-Blushes-sleepy-girl-in-pakistan.webp?v=1782382809,5,"",,,,https://cdn.shopify.com/s/files/1/0890/6968/2722/files/Rhode-The-Pocket-Blushes-freckle-in-pakistan.webp?v=1782382809,kg,,,
rhode-pocket-blushes,,,,,,,,,Spicy Marg - Bright Coral,,,,,,,,,0.0,,0,deny,manual,1187.00,2760.00,true,false,,,,,,https://cdn.shopify.com/s/files/1/0890/6968/2722/files/Rhode-blush-piggy-in-pakistan.webp?v=1782382809,6,"",,,,https://cdn.shopify.com/s/files/1/0890/6968/2722/files/Rhode-The-Pocket-Blushes-spicy-marg-in-pakistan.webp?v=1782382809,kg,,,
rhode-pocket-blushes,,,,,,,,,,,,,,,,,,,,,,,,,,,,,,,,https://cdn.shopify.com/s/files/1/0890/6968/2722/files/Rhode-The-Pocket-Blushes-freckle-in-pakistan.webp?v=1782382809,7,"",,,,,,,,
rhode-pocket-blushes,,,,,,,,,,,,,,,,,,,,,,,,,,,,,,,,https://cdn.shopify.com/s/files/1/0890/6968/2722/files/Rhode-The-Pocket-Blushes-spicy-marg-in-pakistan.webp?v=1782382809,8,"",,,,,,,,
rhode-peptide-lip-tint-pocket-blush-duo,RHODE | Peptide Lip Tint & Pocket Blush Duo,"",GlowGlamByMimi,,"","",false,shades,Spicy marg + Toast,,,,,,,,,0.0,,0,deny,manual,1703.00,3960.00,true,false,,,,,,https://cdn.shopify.com/s/files/1/0890/6968/2722/files/GGWebsiteImages_74.jpg?v=1782382809,1,"",false,,,,kg,,,draft
rhode-peptide-lip-tint-pocket-blush-duo,,,,,,,,,Toasted Teddy + Ribbon,,,,,,,,,0.0,,0,deny,manual,1703.00,3960.00,true,false,,,,,,,,,,,,,kg,,,
rhode-peptide-lip-tint-pocket-blush-duo,,,,,,,,,Freckle + Espresso,,,,,,,,,0.0,,0,deny,manual,1703.00,3960.00,true,false,,,,,,,,,,,,,kg,,,
rhode-peptide-lip-tint-pocket-blush-duo,,,,,,,,,Juice box + Salty tan,,,,,,,,,0.0,,0,deny,manual,1703.00,3960.00,true,false,,,,,,,,,,,,,kg,,,
rhode-peptide-lip-tint-pocket-blush-duo,,,,,,,,,Toasted Teddy + Guava Spritz,,,,,,,,,0.0,,0,deny,manual,1703.00,3960.00,true,false,,,,,,,,,,,,,kg,,,
rhode-peptide-lip-tint-pocket-blush-duo,,,,,,,,,Piggy + Peach Pit,,,,,,,,,0.0,,0,deny,manual,1703.00,3960.00,true,false,,,,,,,,,,,,,kg,,,
nyx-matte-finish-setting-spray,NYX | Matte Finish Setting Spray,"<p>Indulge in the allure of matte perfection with NYX Matte Setting Spray. Specially formulated for a flawless finish, this spray not only sets your makeup but also ensures a shine-free, long-lasting look that withstands the day's demands.</p> <p> </p>",GlowGlamByMimi,,"","",false,Title,Default Title,,,,,,,,,0.0,,0,deny,manual,1273.00,2960.00,true,false,,,,,,https://cdn.shopify.com/s/files/1/0890/6968/2722/files/NYXMattespray.webp?v=1782382807,1,"",false,,,,kg,,,draft
bio-aqua-pack-of-5-moisturizing-hand-cream,BIO AQUA | Pack of 5 Moisturizing Hand Cream,"<ul> <li><span>Moisturizing hydrating, tender and smooth. </span></li> <li><span>Natural care, moisture, nourish, prevent cracking.</span></li> <li><span>Supplement the loss of skin moisture, a practical solution to rough, skin and other skin problems.</span></li> <li><span>Significantly improve the chapped, anti-aging, so that both hands smooth and smooth reply.</span></li> <li><span>Moist cream texture, not sticky.</span></li> <li><span>It is a silky lotion that absorbs almost immediately into the skin to help moisturize.</span></li> <li data-spm-anchor-id=""a2700.details.pronpeci14.i0.20e37749PZmLIJ""><span>And can be used all over your body.</span></li> <li><span><strong>5 PCS Set</strong></span></li> </ul>",GlowGlamByMimi,,"","",false,Title,Default Title,,,,,,,,,0.0,,0,deny,manual,1445.00,3360.00,true,false,,,,,,https://cdn.shopify.com/s/files/1/0890/6968/2722/files/51Q4wTF-swL.jpg?v=1782382807,1,"",false,,,,kg,,,draft
bio-aqua-pack-of-5-moisturizing-hand-cream,,,,,,,,,,,,,,,,,,,,,,,,,,,,,,,,https://cdn.shopify.com/s/files/1/0890/6968/2722/files/NewProject_5_800x_800ff55d-9cf9-42ac-978b-16946122166b.webp?v=1782382806,2,"",,,,,,,,
bio-aqua-pack-of-5-moisturizing-hand-cream,,,,,,,,,,,,,,,,,,,,,,,,,,,,,,,,https://cdn.shopify.com/s/files/1/0890/6968/2722/files/61XZwIV1jML._SL1001.jpg?v=1782382807,3,"",,,,,,,,
miss-rose-beauty-blender,Beauty Blender,<p></p>,GlowGlamByMimi,,"","",false,Quantity,Single,,,,,,,,,0.0,,0,deny,manual,241.00,560.00,true,false,,,,,,https://cdn.shopify.com/s/files/1/0890/6968/2722/files/missroseblender.webp?v=1782382806,1,"",false,,,,kg,,,draft
miss-rose-beauty-blender,,,,,,,,,2 Pcs,,,,,,,,,0.0,,0,deny,manual,499.00,1160.00,true,false,,,,,,,,,,,,,kg,,,
victorias-secret-bombshell-fragrance-mist-250-ml,Victoria's Secret | Bombshell Fragrance Mist - 250 ml,<p></p>,GlowGlamByMimi,,"","",false,Title,Default Title,,,,,,,,,0.0,,0,deny,manual,2133.00,4960.00,true,false,,,,,,https://cdn.shopify.com/s/files/1/0890/6968/2722/files/FullSizeRender_c0f4b304-633f-462d-81d5-8ca10cc1ba35.jpg?v=1782382805,1,"",false,,,,kg,,,draft
victorias-secret-bombshell-fragrance-mist-250-ml,,,,,,,,,,,,,,,,,,,,,,,,,,,,,,,,https://cdn.shopify.com/s/files/1/0890/6968/2722/files/IMG-7316.jpg?v=1782382805,2,"",,,,,,,,
dior-lip-glow-lip-balm-duo-coral-pink,DIOR | Lip Glow Lip Balm Duo - Coral + Pink,"<p><span>High Quality Master Dupe - A pair of Dior Lip Glow lip balms to hydrate lips for hours* and revive their natural color. Applied alone as a lip balm or as a primer, Dior Lip Glow is the hydrating and color-awakening lip balm that flushes the lips with color and a subtle glossy finish</span></p> <p> </p>",GlowGlamByMimi,,"","",false,Title,Default Title,,,,,,,,,0.0,,0,deny,manual,3942.00,8960.00,true,false,,,,,,https://cdn.shopify.com/s/files/1/0890/6968/2722/files/Diorlipglow.webp?v=1782382804,1,"",false,,,,kg,,,draft
dior-lip-glow-lip-balm-duo-coral-pink,,,,,,,,,,,,,,,,,,,,,,,,,,,,,,,,https://cdn.shopify.com/s/files/1/0890/6968/2722/files/Diorlipglow3.webp?v=1782382804,2,"",,,,,,,,
benefit-bad-gal-bang-mascara,BENEFIT | Bad Gal Bang Mascara,"<p>Experience massive, gravity-defying volume with Benefit's Bad Gal Bang Volumizing Mascara.</p>",GlowGlamByMimi,,"","",false,Title,Default Title,,,,,,,,,0.0,,0,deny,manual,1187.00,2760.00,true,false,,,,,,https://cdn.shopify.com/s/files/1/0890/6968/2722/files/Benefitbadgalmascara.webp?v=1782382803,1,"",false,,,,kg,,,draft
benefit-bad-gal-bang-mascara,,,,,,,,,,,,,,,,,,,,,,,,,,,,,,,,https://cdn.shopify.com/s/files/1/0890/6968/2722/files/mascaraswatch.webp?v=1782382803,2,"",,,,,,,,
benefit-bad-gal-bang-mascara,,,,,,,,,,,,,,,,,,,,,,,,,,,,,,,,https://cdn.shopify.com/s/files/1/0890/6968/2722/files/benefit_mascara.webp?v=1782382803,3,"",,,,,,,,
rare-beauty-soft-pinch-liquid-blush,RARE BEAUTY | Soft Pinch Liquid Blush,"<p><span>Master Dupe - Airy, lightweight liquid formula blends and builds effortlessly for a soft flush of color. </span><span>Infused with long-lasting color pigments for all-day wear—a little goes a long way and blends effortlessly over makeup. </span></p>",GlowGlamByMimi,,"","",false,Shades,Happy (Cool Pink),,,,,,,,,0.0,,0,deny,manual,1625.00,3780.00,true,false,,,,,,https://cdn.shopify.com/s/files/1/0890/6968/2722/files/rare-beauty-soft-pinch-dewy-liquid-blush.jpg?v=1782382802,1,"",false,,,https://cdn.shopify.com/s/files/1/0890/6968/2722/files/GRIDS-SP-LIQUID-BLUSH-DEWY-HAPPY-1133x1536.webp?v=1782382802,kg,,,draft
rare-beauty-soft-pinch-liquid-blush,,,,,,,,,Worth (True Rose),,,,,,,,,0.0,,0,deny,manual,1625.00,3780.00,true,false,,,,,,https://cdn.shopify.com/s/files/1/0890/6968/2722/files/rareblush.webp?v=1782382802,2,"",,,,https://cdn.shopify.com/s/files/1/0890/6968/2722/files/SHADE-GRIDS-SP-LIQUID-BLUSH-DEWY-WORTH.webp?v=1782382802,kg,,,
rare-beauty-soft-pinch-liquid-blush,,,,,,,,,Encourage (Soft Neutral Pink),,,,,,,,,0.0,,0,deny,manual,1625.00,3780.00,true,false,,,,,,https://cdn.shopify.com/s/files/1/0890/6968/2722/files/SHADE-GRIDS-SP-LIQUID-BLUSH-DEWY-WORTH.webp?v=1782382802,3,"",,,,https://cdn.shopify.com/s/files/1/0890/6968/2722/files/SHADE-GRIDS-SP-LIQUID-BLUSH-DEWY-ENCOURAGE.webp?v=1782382802,kg,,,
rare-beauty-soft-pinch-liquid-blush,,,,,,,,,Grateful (True Red),,,,,,,,,0.0,,0,deny,manual,1625.00,3780.00,true,false,,,,,,https://cdn.shopify.com/s/files/1/0890/6968/2722/files/SHADE-GRIDS-SP-LIQUID-BLUSH-DEWY-ENCOURAGE.webp?v=1782382802,4,"",,,,https://cdn.shopify.com/s/files/1/0890/6968/2722/files/SHADE-GRIDS-SP-LIQUID-BLUSH-DEWY-GRATEFUL.webp?v=1782382804,kg,,,
rare-beauty-soft-pinch-liquid-blush,,,,,,,,,Hope (Nude Mauve),,,,,,,,,0.0,,0,deny,manual,1625.00,3780.00,true,false,,,,,,https://cdn.shopify.com/s/files/1/0890/6968/2722/files/SHADE-GRIDS-SP-LIQUID-BLUSH-DEWY-GRATEFUL.webp?v=1782382804,5,"",,,,https://cdn.shopify.com/s/files/1/0890/6968/2722/files/SHADE-GRIDS-SP-LIQUID-BLUSH-DEWY-HOPE.webp?v=1782382803,kg,,,
rare-beauty-soft-pinch-liquid-blush,,,,,,,,,Bliss (Nude Pink),,,,,,,,,0.0,,0,deny,manual,1625.00,3780.00,true,false,,,,,,https://cdn.shopify.com/s/files/1/0890/6968/2722/files/SHADE-GRIDS-SP-LIQUID-BLUSH-DEWY-HOPE.webp?v=1782382803,6,"",,,,https://cdn.shopify.com/s/files/1/0890/6968/2722/files/SHADE-GRIDS-SP-LIQUID-BLUSH-MATTE-BLISS.webp?v=1782382802,kg,,,
rare-beauty-soft-pinch-liquid-blush,,,,,,,,,Virtue (Beige Peach),,,,,,,,,0.0,,0,deny,manual,1625.00,3780.00,true,false,,,,,,https://cdn.shopify.com/s/files/1/0890/6968/2722/files/SHADE-GRIDS-SP-LIQUID-BLUSH-MATTE-BLISS.webp?v=1782382802,7,"",,,,https://cdn.shopify.com/s/files/1/0890/6968/2722/files/SHADE-GRIDS-SP-LIQUID-BLUSH-DEWY-VIRTUE.webp?v=1782382802,kg,,,
rare-beauty-soft-pinch-liquid-blush,,,,,,,,,Joy (Muted Peach),,,,,,,,,0.0,,0,deny,manual,1625.00,3780.00,true,false,,,,,,https://cdn.shopify.com/s/files/1/0890/6968/2722/files/SHADE-GRIDS-SP-LIQUID-BLUSH-DEWY-VIRTUE.webp?v=1782382802,8,"",,,,https://cdn.shopify.com/s/files/1/0890/6968/2722/files/GG_Website_Images_-_2026-01-30T110703.731.jpg?v=1782382802,kg,,,
rare-beauty-soft-pinch-liquid-blush,,,,,,,,,,,,,,,,,,,,,,,,,,,,,,,,https://cdn.shopify.com/s/files/1/0890/6968/2722/files/GRIDS-SP-LIQUID-BLUSH-DEWY-HAPPY-1133x1536.webp?v=1782382802,9,"",,,,,,,,
rare-beauty-soft-pinch-liquid-blush,,,,,,,,,,,,,,,,,,,,,,,,,,,,,,,,https://cdn.shopify.com/s/files/1/0890/6968/2722/files/GG_Website_Images_-_2026-01-30T110703.731.jpg?v=1782382802,10,"",,,,,,,,
summer-fridays-mini-lip-butter-balm-set,Summer Fridays | Mini Lip Butter Balm Set,"<p>Master Dupe - This kit contains four tubes of the iconic lip butter formula, featuring:</p> <ul> <li> <strong>Vanilla Beige</strong><span> </span>– A sheer beige tint that offers silky hydration with a subtle wash of color.</li> <li> <strong>Brown Sugar</strong><span> </span>– A touch of sheer brown color with a hint of brown sugar sweetness.</li> <li> <strong>Poppy</strong><span> </span>– A pop of sheer coral color that blends a sweet citrus flavor with a glossy finish.</li> <li> <strong>Vanilla</strong><span> </span>– A clear, glossy balm that provides instant shine, perfect for layering over lipstick or as an overnight lip treatment.</li> </ul> <p>Indulge your lips with a nourishing blanket of moisture and a hint of sheer color, ideal for anyone who wants soft, plump, and hydrated lips all day long.</p>",GlowGlamByMimi,,"","",false,Pack Size,Set of 4,,,,,,,,,0.0,,0,deny,manual,2563.00,5960.00,true,false,,,,,,https://cdn.shopify.com/s/files/1/0890/6968/2722/files/GlowGlamWebsiteImages_58.jpg?v=1782382801,1,"",false,,,,kg,,,draft
summer-fridays-mini-lip-butter-balm-set,,,,,,,,,Vanilla Beige (single),,,,,,,,,0.0,,0,deny,manual,1015.00,2360.00,true,false,,,,,,https://cdn.shopify.com/s/files/1/0890/6968/2722/files/summerfridays5.webp?v=1782382801,2,"",,,,,kg,,,
summer-fridays-mini-lip-butter-balm-set,,,,,,,,,Brown Sugar (single),,,,,,,,,0.0,,0,deny,manual,1015.00,2360.00,true,false,,,,,,https://cdn.shopify.com/s/files/1/0890/6968/2722/files/summerfridays4.webp?v=1782382801,3,"",,,,,kg,,,
summer-fridays-mini-lip-butter-balm-set,,,,,,,,,Poppy (single),,,,,,,,,0.0,,0,deny,manual,1015.00,2360.00,true,false,,,,,,https://cdn.shopify.com/s/files/1/0890/6968/2722/files/sumer_friday_swatches.webp?v=1782382801,4,"",,,,,kg,,,
summer-fridays-mini-lip-butter-balm-set,,,,,,,,,Vanilla (single),,,,,,,,,0.0,,0,deny,manual,1015.00,2360.00,true,false,,,,,,https://cdn.shopify.com/s/files/1/0890/6968/2722/files/summerfridays3.jpg?v=1782382801,5,"",,,,,kg,,,
victorias-secret-bare-vanilla-noir-fragrance-mist-250-ml,Victoria's Secret | Bare Vanilla Noir Fragrance Mist - 250 ml,"<p><span>Victoria’s Secret Bare Vanilla Noir Fragrance – Get decadent. A rich, intense twist gives a dark edge to your favorite scents. The perfect way to add a pop of fashion to your fragrance wardrobe. Fruity Warm. Creamy vanilla. Warm pear. Bare Vanilla gets decadent.</span></p>",GlowGlamByMimi,,"","",false,Title,Default Title,,,,,,,,,0.0,,0,deny,manual,2047.00,4760.00,true,false,,,,,,https://cdn.shopify.com/s/files/1/0890/6968/2722/files/Victorias-Secret-Bare-Vanilla-Noir-Body-Mist-250ml.jpg?v=1782382801,1,"",false,,,,kg,,,draft
victorias-secret-bare-vanilla-la-creme-fragrance-mist-250-ml,Victoria's Secret | Bare Vanilla La Creme Fragrance Mist - 250 ml,"<p><span>Arouse your senses! Victoria's Secret Bare Vanilla La Crème Limited Edition Body Mist for Women is a cocktail of a wide variety of scent ingredients. It will keep you entertained and add rhythm to your day. Superior scents become luxurious with notes of whipped vanilla, velvety magnolia, and creamy woods.</span></p>",GlowGlamByMimi,,"","",false,Title,Default Title,,,,,,,,,0.0,,0,deny,manual,2047.00,4760.00,true,false,,,,,,https://cdn.shopify.com/s/files/1/0890/6968/2722/files/VICTORIAS-SECRET-_-Bare-Vanilla-La-Creme-Brume-Parfumee.webp?v=1782382800,1,"",false,,,,kg,,,draft
victorias-secret-velvet-petals-shimmer-body-mist-250ml,Victoria's Secret | Velvet Petals Shimmer Body Mist - 250ml,<p></p>,GlowGlamByMimi,,"","",false,Title,Default Title,,,,,,,,,0.0,,0,deny,manual,2047.00,4760.00,true,false,,,,,,https://cdn.shopify.com/s/files/1/0890/6968/2722/files/GlowGlamWebsiteImages_66.jpg?v=1782382799,1,"",false,,,,kg,,,draft
mac-prep-prime-fix-setting-spray,MAC | Prep + Prime Fix Setting Spray,"<p>Dupe</p> <p><span>The MAC Prep + Prime Fix+ is a refreshing facial mist that can be used to instantly boost hydration or as the perfect finishing touch over makeup.</span></p> <p><span>Spritz onto bare skin as a primer for a smooth, soft base, or after makeup application to set and perfect. Suitable for all skin types, the Mac makeup must-have leaves your complexion feeling immediately revitalised and replenished with a healthy-looking sheen.</span></p>",GlowGlamByMimi,,"","",false,Title,Default Title,,,,,,,,,0.0,,0,deny,manual,1751.00,3980.00,true,false,,,,,,https://cdn.shopify.com/s/files/1/0890/6968/2722/files/35382902-A69B-44AB-992E-CC20A0A32CBF.png?v=1782382799,1,"",false,,,,kg,,,draft
mac-prep-prime-fix-setting-spray,,,,,,,,,,,,,,,,,,,,,,,,,,,,,,,,https://cdn.shopify.com/s/files/1/0890/6968/2722/files/GlowGlamWebsiteImages_67.jpg?v=1782382798,2,"",,,,,,,,
shiseido-fino-premium-touch-hair-treatment-mask-230-g,SHISEIDO | Fino Premium Touch Hair Treatment Mask - 230 g,"<p><span>High Quality Master Dupe - If your hair is dry, damaged, or lacks shine, the Shiseido Fino Premium Touch Hair Mask is the perfect solution. Its potent formula helps restore your hair’s health and beauty.</span></p> <p>How to use:</p> <p>After shampoo, dry with a towel. Apply an appropriate amount of the product (2 tea spoon for semi-long hair) to damaged areas and rinse thoroughly</p>",GlowGlamByMimi,,"","",false,Title,Default Title,,,,,,,,,0.0,,0,deny,manual,2219.00,5160.00,true,false,,,,,,https://cdn.shopify.com/s/files/1/0890/6968/2722/files/Shiseido-Fino-Premium-Touch-Hair-Mask-230g-9-2024-04-29T02_3A25_3A07.450Z.webp?v=1782382797,1,"",false,,,,kg,,,draft
shiseido-fino-premium-touch-hair-treatment-mask-230-g,,,,,,,,,,,,,,,,,,,,,,,,,,,,,,,,https://cdn.shopify.com/s/files/1/0890/6968/2722/files/SHISEIDO_FINO_-_Premium_Touch_Hair_Mask_900x_b03d6f17-51e3-4d0d-8e44-b6c200d053ae.webp?v=1782382797,2,"",,,,,,,,
shiseido-fino-premium-touch-hair-treatment-mask-230-g,,,,,,,,,,,,,,,,,,,,,,,,,,,,,,,,https://cdn.shopify.com/s/files/1/0890/6968/2722/files/finomask.jpg?v=1782382798,3,"",,,,,,,,
shiseido-fino-premium-touch-hair-treatment-mask-230-g,,,,,,,,,,,,,,,,,,,,,,,,,,,,,,,,https://cdn.shopify.com/s/files/1/0890/6968/2722/files/finouse.webp?v=1782382797,4,"",,,,,,,,
shiseido-fino-premium-touch-hair-treatment-mask-230-g,,,,,,,,,,,,,,,,,,,,,,,,,,,,,,,,https://cdn.shopify.com/s/files/1/0890/6968/2722/files/fino_hair.jpg?v=1782382797,5,"",,,,,,,,
too-faced-better-than-sex-volumizing-mascara,TOO FACED | Better Than Sex Volumizing Mascara,"<p>Master Dupe - <span>This formula thickens, lengthens &amp; curls for the most luscious, dramatic &amp; volumized lashes. Use the hourglass shaped brush to separate, coat, and curl each lash. Wiggle and roll through the lashes to achieve intense volume.</span></p>",GlowGlamByMimi,,"","",false,Title,Default Title,,,,,,,,,0.0,,0,deny,manual,1311.00,2980.00,true,false,,,,,,https://cdn.shopify.com/s/files/1/0890/6968/2722/files/TooFacedBTSMascara.jpg?v=1782382796,1,"",false,,,,kg,,,draft
too-faced-better-than-sex-volumizing-mascara,,,,,,,,,,,,,,,,,,,,,,,,,,,,,,,,https://cdn.shopify.com/s/files/1/0890/6968/2722/files/Toofacedmascara.jpg?v=1782382796,2,"",,,,,,,,
too-faced-better-than-sex-volumizing-mascara,,,,,,,,,,,,,,,,,,,,,,,,,,,,,,,,https://cdn.shopify.com/s/files/1/0890/6968/2722/files/Toofacedbeforeafter.jpg?v=1782382796,3,"",,,,,,,,
too-faced-better-than-sex-volumizing-mascara,,,,,,,,,,,,,,,,,,,,,,,,,,,,,,,,https://cdn.shopify.com/s/files/1/0890/6968/2722/files/toofaceddd.webp?v=1782382796,4,"",,,,,,,,
real-techniques-sparkle-on-the-go-limited-edition-brush-set,REAL TECHNIQUES - Sparkle On-the-Go Limited Edition Brush Set,"<p>Master Dupe - Create a radiant complexion anywhere with the Real Techniques Sparkle on-the-go Set. Featuring three travel-sized brushes and a complexion sponge, this perfectly portable collection will ensure that you’re always prepared to create a flawless makeup look.</p> <p>The Set Contains:</p> <p>Real Techniques Mini Multitask Brush<br>Real Techniques Mini Medium Sculpting Brush<br>Real Techniques Mini Expert Face Brush<br>Real Techniques Miracle Complexion Sponge</p>",GlowGlamByMimi,,"","",false,Title,Default Title,,,,,,,,,0.0,,0,deny,manual,2219.00,5160.00,true,false,,,,,,https://cdn.shopify.com/s/files/1/0890/6968/2722/files/RTLimitedEditionBrushSet.webp?v=1782382795,1,"",false,,,,kg,,,draft
real-techniques-sparkle-on-the-go-limited-edition-brush-set,,,,,,,,,,,,,,,,,,,,,,,,,,,,,,,,https://cdn.shopify.com/s/files/1/0890/6968/2722/files/RT_brushes_2.webp?v=1782382795,2,"",,,,,,,,
real-techniques-sparkle-on-the-go-limited-edition-brush-set,,,,,,,,,,,,,,,,,,,,,,,,,,,,,,,,https://cdn.shopify.com/s/files/1/0890/6968/2722/files/RTbrushes.webp?v=1782382796,3,"",,,,,,,,
elf-power-grip-primer-24-ml-full-size,ELF | Power Grip Primer - 24 ml Full Size,"<p class=""MsoNormal"">Your makeup? It’s not going anywhere. Prep skin with this gel-based face primer that has the power to grip your makeup while giving skin a soft-focus effect for a smoother complexion. Infused with powerhouse ingredients like Hyaluronic Acid, this makeup primer moisturizes, preps, and smoothes to perfection, improving the look and feel of your skin. The formula goes on clear, making it the ideal makeup application base for all skin types and skin tones.</p> <p class=""MsoListParagraphCxSpMiddle"">Master Dupe</p>",GlowGlamByMimi,,"","",false,Title,Default Title,,,,,,,,,0.0,,0,deny,manual,2047.00,4760.00,true,false,,,,,,https://cdn.shopify.com/s/files/1/0890/6968/2722/files/power-grip-1.webp?v=1782382795,1,"",false,,,,kg,,,draft
elf-power-grip-primer-24-ml-full-size,,,,,,,,,,,,,,,,,,,,,,,,,,,,,,,,https://cdn.shopify.com/s/files/1/0890/6968/2722/files/power-grip-3.webp?v=1782382795,2,"",,,,,,,,
elf-power-grip-primer-24-ml-full-size,,,,,,,,,,,,,,,,,,,,,,,,,,,,,,,,https://cdn.shopify.com/s/files/1/0890/6968/2722/files/power-grip-2.webp?v=1782382794,3,"",,,,,,,,
elf-power-grip-primer-24-ml-full-size,,,,,,,,,,,,,,,,,,,,,,,,,,,,,,,,https://cdn.shopify.com/s/files/1/0890/6968/2722/files/Elfprimerrr.webp?v=1782382795,4,"",,,,,,,,
gisou-hydrating-lip-oil,GISOU | Hydrating Lip Oil,"<p>Master Dupe - Experience the sugary sweetness of crisp, fresh watermelon and honey through deliciously clear hydrating lips.</p> <p>Simply glide this ultra hydrating formula, over 97% natural, onto bare lips to unveil smooth, glossy and irresistible lips.</p> <p><br></p>",GlowGlamByMimi,,"","",false,Shade,Honey Gold,,,,,,,,,0.0,,0,deny,manual,1531.00,3560.00,true,false,,,,,,https://cdn.shopify.com/s/files/1/0890/6968/2722/files/Gisou-honey-infused-lip-oil.png?v=1782382794,1,"",false,,,https://cdn.shopify.com/s/files/1/0890/6968/2722/files/GlowGlam_Website_Images_76.jpg?v=1782382794,kg,,,draft
gisou-hydrating-lip-oil,,,,,,,,,Watermelon Sugar,,,,,,,,,0.0,,0,deny,manual,1531.00,3560.00,true,false,,,,,,https://cdn.shopify.com/s/files/1/0890/6968/2722/files/gisou_swatch.jpg?v=1782382794,2,"",,,,https://cdn.shopify.com/s/files/1/0890/6968/2722/files/GlowGlam_Website_Images_77.jpg?v=1782382794,kg,,,
gisou-hydrating-lip-oil,,,,,,,,,Cherry on Cake,,,,,,,,,0.0,,0,deny,manual,1531.00,3560.00,true,false,,,,,,https://cdn.shopify.com/s/files/1/0890/6968/2722/files/GlowGlam_Website_Images_76.jpg?v=1782382794,3,"",,,,https://cdn.shopify.com/s/files/1/0890/6968/2722/files/GG_Website_Images_23.jpg?v=1782382794,kg,,,
gisou-hydrating-lip-oil,,,,,,,,,Mango Passion  Punch,,,,,,,,,0.0,,0,deny,manual,1531.00,3560.00,true,false,,,,,,https://cdn.shopify.com/s/files/1/0890/6968/2722/files/PDP_Gisou_HoneyInfused_HILO_4_600x750_crop_center_2x_a1a9543f-f0b3-4f1a-8541-b17155569ec3.webp?v=1782382794,4,"",,,,https://cdn.shopify.com/s/files/1/0890/6968/2722/files/GG_Website_Images_24.jpg?v=1782382794,kg,,,
gisou-hydrating-lip-oil,,,,,,,,,Strawberry Sorbet,,,,,,,,,0.0,,0,deny,manual,1531.00,3560.00,true,false,,,,,,https://cdn.shopify.com/s/files/1/0890/6968/2722/files/GG_Website_Images_23.jpg?v=1782382794,5,"",,,,https://cdn.shopify.com/s/files/1/0890/6968/2722/files/stawberry_sorbet.jpg?v=1782382794,kg,,,
gisou-hydrating-lip-oil,,,,,,,,,Coconut Frost,,,,,,,,,0.0,,0,deny,manual,1531.00,3560.00,true,false,,,,,,https://cdn.shopify.com/s/files/1/0890/6968/2722/files/gisouuuuu.webp?v=1782382794,6,"",,,,https://cdn.shopify.com/s/files/1/0890/6968/2722/files/GG_Website_Images_33.jpg?v=1782382794,kg,,,
gisou-hydrating-lip-oil,,,,,,,,,,,,,,,,,,,,,,,,,,,,,,,,https://cdn.shopify.com/s/files/1/0890/6968/2722/files/GlowGlam_Website_Images_77.jpg?v=1782382794,7,"",,,,,,,,
gisou-hydrating-lip-oil,,,,,,,,,,,,,,,,,,,,,,,,,,,,,,,,https://cdn.shopify.com/s/files/1/0890/6968/2722/files/PDP_HITLO_WatermelonSugar_3_600x750_crop_center_2x_db459c85-0f9a-4d6a-b1d8-343814fb2a4f.webp?v=1782382794,8,"",,,,,,,,
gisou-hydrating-lip-oil,,,,,,,,,,,,,,,,,,,,,,,,,,,,,,,,https://cdn.shopify.com/s/files/1/0890/6968/2722/files/GG_Website_Images_24.jpg?v=1782382794,9,"",,,,,,,,
gisou-hydrating-lip-oil,,,,,,,,,,,,,,,,,,,,,,,,,,,,,,,,https://cdn.shopify.com/s/files/1/0890/6968/2722/files/mango_punchh.webp?v=1782382794,10,"",,,,,,,,
gisou-hydrating-lip-oil,,,,,,,,,,,,,,,,,,,,,,,,,,,,,,,,https://cdn.shopify.com/s/files/1/0890/6968/2722/files/stawberry_sorbet.jpg?v=1782382794,11,"",,,,,,,,
gisou-hydrating-lip-oil,,,,,,,,,,,,,,,,,,,,,,,,,,,,,,,,https://cdn.shopify.com/s/files/1/0890/6968/2722/files/gisou_strawberry.jpg?v=1782382794,12,"",,,,,,,,
gisou-hydrating-lip-oil,,,,,,,,,,,,,,,,,,,,,,,,,,,,,,,,https://cdn.shopify.com/s/files/1/0890/6968/2722/files/GG_Website_Images_33.jpg?v=1782382794,13,"",,,,,,,,
gisou-hydrating-lip-oil,,,,,,,,,,,,,,,,,,,,,,,,,,,,,,,,https://cdn.shopify.com/s/files/1/0890/6968/2722/files/gisou_coconut.jpg?v=1782382794,14,"",,,,,,,,
rare-beauty-liquid-luminizer-highlighter,RARE BEAUTY | Liquid Luminizer Highlighter,"<p>Master Dupe</p> <div data-v-6fff89b1=""""> <p class=""key headlineM"" data-v-6fff89b1="""">What it is:</p> <p class=""value"" data-v-6fff89b1="""">A silky, second-skin liquid highlighter that creates a lasting, soft, and luminous finish.</p> </div> <div data-v-6fff89b1=""""> <p class=""key headlineM"" data-v-6fff89b1="""">What it does:</p> <p class=""value"" data-v-6fff89b1="""">This multidimensional formula, packed with light-reflecting pearl particles and a botanical blend of lotus, gardenia, and white waterlily, lends skin a dewy glow in seconds. Mix this weightless liquid highlighter with foundation or layer it across the high points of the face for instant radiance.</p> </div>",GlowGlamByMimi,,"","",false,Shade,Enlighten - Champagne,,,,,,,,,0.0,,0,deny,manual,1875.00,4360.00,true,false,,,,,,https://cdn.shopify.com/s/files/1/0890/6968/2722/files/GlowGlam_Website_Images_78.jpg?v=1782382793,1,"",false,,,https://cdn.shopify.com/s/files/1/0890/6968/2722/files/GlowGlam_Website_Images_78.jpg?v=1782382793,kg,,,draft
rare-beauty-liquid-luminizer-highlighter,,,,,,,,,Enchant - Soft Pink,,,,,,,,,0.0,,0,deny,manual,1875.00,4360.00,true,false,,,,,,https://cdn.shopify.com/s/files/1/0890/6968/2722/files/253.jpg?v=1782382793,2,"",,,,https://cdn.shopify.com/s/files/1/0890/6968/2722/files/250.jpg?v=1782382793,kg,,,
rare-beauty-liquid-luminizer-highlighter,,,,,,,,,Outshine - True Gold,,,,,,,,,0.0,,0,deny,manual,1875.00,4360.00,true,false,,,,,,https://cdn.shopify.com/s/files/1/0890/6968/2722/files/250.jpg?v=1782382793,3,"",,,,https://cdn.shopify.com/s/files/1/0890/6968/2722/files/252.jpg?v=1782382793,kg,,,
rare-beauty-liquid-luminizer-highlighter,,,,,,,,,Transcend - Rose Gold,,,,,,,,,0.0,,0,deny,manual,1875.00,4360.00,true,false,,,,,,https://cdn.shopify.com/s/files/1/0890/6968/2722/files/251.jpg?v=1782382793,4,"",,,,https://cdn.shopify.com/s/files/1/0890/6968/2722/files/251.jpg?v=1782382793,kg,,,
rare-beauty-liquid-luminizer-highlighter,,,,,,,,,,,,,,,,,,,,,,,,,,,,,,,,https://cdn.shopify.com/s/files/1/0890/6968/2722/files/252.jpg?v=1782382793,5,"",,,,,,,,
rare-beauty-liquid-luminizer-highlighter,,,,,,,,,,,,,,,,,,,,,,,,,,,,,,,,https://cdn.shopify.com/s/files/1/0890/6968/2722/files/rare_beauty_highlighters.webp?v=1782382793,6,"",,,,,,,,
rare-beauty-soft-pinch-blush-liquid-luminizer-duo,RARE BEAUTY | Soft Pinch Blush & Liquid Luminizer Duo,<p>Contact us on instagram: @glowglambymimi for shade customization or write your preferred shades from the available ones in the order notes.</p> <p>Products will be regular size.</p>,GlowGlamByMimi,,"","",false,Title,Default Title,,,,,,,,,0.0,,0,deny,manual,2821.00,6560.00,true,false,,,,,,https://cdn.shopify.com/s/files/1/0890/6968/2722/files/254.jpg?v=1782382792,1,"",false,,,,kg,,,draft
sol-de-janeiro-cheirosa-62-perfume-mist-90-ml,SOL DE JANEIRO | Cheirosa 62 Perfume Mist - 90 ml,"<div><span>Experience the sweet sensation of our iconic perfume mist, with delicious notes of pistachio, salted caramel, and vanilla. Feels like summer all year round.</span></div> <div><span></span></div> <div>Master Dupe</div>",GlowGlamByMimi,,"","",false,Title,Default Title,,,,,,,,,0.0,,0,deny,manual,2391.00,5560.00,true,false,,,,,,https://cdn.shopify.com/s/files/1/0890/6968/2722/files/sol62.jpg?v=1782382791,1,"",false,,,,kg,,,draft
sol-de-janeiro-cheirosa-62-perfume-mist-90-ml,,,,,,,,,,,,,,,,,,,,,,,,,,,,,,,,https://cdn.shopify.com/s/files/1/0890/6968/2722/files/cheriosa_62_tpr.webp?v=1782382791,2,"",,,,,,,,
sol-de-janeiro-cheirosa-71-perfume-mist-90ml,SOL DE JANEIRO | Cheirosa 71 Perfume Mist - 90ml,<p><span>A deliciously voluptuous hair and body fragrance with warm and welcoming notes of caramelized vanilla and toasted macadamia nut to satisfy every craving.</span><span></span></p> <p><span>Master Dupe</span></p>,GlowGlamByMimi,,"","",false,Title,Default Title,,,,,,,,,0.0,,0,deny,manual,2391.00,5560.00,true,false,,,,,,https://cdn.shopify.com/s/files/1/0890/6968/2722/files/sol71.jpg?v=1782382790,1,"",false,,,,kg,,,draft
sol-de-janeiro-cheirosa-71-perfume-mist-90ml,,,,,,,,,,,,,,,,,,,,,,,,,,,,,,,,https://cdn.shopify.com/s/files/1/0890/6968/2722/files/SOLDEJANEIRO-BrazilianCrushCheirosa_71CaramelizedVanilla_Macadamia_Lifector1.webp?v=1782382790,2,"",,,,,,,,
sol-de-janeiro-cheirosa-40-perfume-mist-90ml,SOL DE JANEIRO | Cheirosa 40 Perfume Mist - 90ml,"<p><span>A floral gourmand perfume mist with intoxicating yet delicate notes of black amber plum, vanilla woods, and jasmine blooms.</span></p> <p><span>Master Dupe</span></p>",GlowGlamByMimi,,"","",false,Title,Default Title,,,,,,,,,0.0,,0,deny,manual,2391.00,5560.00,true,false,,,,,,https://cdn.shopify.com/s/files/1/0890/6968/2722/files/sol40.jpg?v=1782382789,1,"",false,,,,kg,,,draft
sol-de-janeiro-cheirosa-40-perfume-mist-90ml,,,,,,,,,,,,,,,,,,,,,,,,,,,,,,,,https://cdn.shopify.com/s/files/1/0890/6968/2722/files/Brazilian_Crush_Cheirosa_40_540x_740921f0-a4f4-4556-85ba-ca6ab7adc7b7.webp?v=1782382789,2,"",,,,,,,,
chanel-bleu-de-chanel-perfume-edp-100-ml,CHANEL | Bleu de Chanel Perfume EDP - 100 ml,"<p><span>Wishing to give a woodsy, sweet-smelling fragrance to the man who consistently defies convention, rejects show, and finds fulfillment in the unexpected. The interest is best suited to his scent. A bold blend of citrus and woods that awakens the senses, is fresh, clean, highly stimulating, and a clear declaration of confidence and desire. It’s a very sophisticated scent that gets compliments throughout the day.</span></p> <p><span>Master Dupe.</span></p>",GlowGlamByMimi,,"","",true,Title,Default Title,,,,,,,,,0.0,,0,deny,manual,4283.00,9960.00,true,false,,,,,,https://cdn.shopify.com/s/files/1/0890/6968/2722/files/bleudechanel.jpg?v=1782382788,1,"",false,,,,kg,,,active
chanel-bleu-de-chanel-perfume-edp-100-ml,,,,,,,,,,,,,,,,,,,,,,,,,,,,,,,,https://cdn.shopify.com/s/files/1/0890/6968/2722/files/chanelbleu.jpg?v=1782382788,2,"",,,,,,,,
dior-backstage-glow-face-palette,DIOR | Backstage Glow Face Palette,"<p><span>The iconic multi-use face makeup palette. These ultrafine textures are concentrated with shimmery pigments can be worn alone or blended together, for a customizable look—from a natural, healthy glow to intense radiance.</span></p> <p><span>Master Dupe</span></p>",GlowGlamByMimi,,"","",true,Shade,001 - Universal,,,,,,,,,0.0,,0,deny,manual,3320.00,7720.00,true,false,,,,,,https://cdn.shopify.com/s/files/1/0890/6968/2722/files/dior.webp?v=1782382787,1,"",false,,,https://cdn.shopify.com/s/files/1/0890/6968/2722/files/001_Universal.webp?v=1782382788,kg,,,active
dior-backstage-glow-face-palette,,,,,,,,,002 - Glitz,,,,,,,,,0.0,,0,deny,manual,3320.00,7720.00,true,false,,,,,,https://cdn.shopify.com/s/files/1/0890/6968/2722/files/001_Universal.webp?v=1782382788,2,"",,,,https://cdn.shopify.com/s/files/1/0890/6968/2722/files/002_Glitz.webp?v=1782382787,kg,,,
dior-backstage-glow-face-palette,,,,,,,,,003 - Pure Gold,,,,,,,,,0.0,,0,deny,manual,3320.00,7720.00,true,false,,,,,,https://cdn.shopify.com/s/files/1/0890/6968/2722/files/002_Glitz.webp?v=1782382787,3,"",,,,https://cdn.shopify.com/s/files/1/0890/6968/2722/files/003_Pure_Gold.webp?v=1782382787,kg,,,
dior-backstage-glow-face-palette,,,,,,,,,004 - Rose Gold,,,,,,,,,0.0,,0,deny,manual,3320.00,7720.00,true,false,,,,,,https://cdn.shopify.com/s/files/1/0890/6968/2722/files/003_Pure_Gold.webp?v=1782382787,4,"",,,,https://cdn.shopify.com/s/files/1/0890/6968/2722/files/004_Rose_Gold.webp?v=1782382788,kg,,,
dior-backstage-glow-face-palette,,,,,,,,,,,,,,,,,,,,,,,,,,,,,,,,https://cdn.shopify.com/s/files/1/0890/6968/2722/files/004_Rose_Gold.webp?v=1782382788,5,"",,,,,,,,
kiko-3d-hydra-lipgloss,KIKO | 3d Hydra Lipgloss,"<p><span>Softening lip gloss for shiny, plumped lips. The soft texture feels wonderful, blending into the lips and leaving them smooth and radiant.</span></p> <p><span>Master Dupe</span></p>",GlowGlamByMimi,,"","",true,Shade,01 - Clear,,,,,,,,,0.0,,0,deny,manual,1703.00,3960.00,true,false,,,,,,https://cdn.shopify.com/s/files/1/0890/6968/2722/files/IMG-0670.jpg?v=1782382787,1,"",false,,,https://cdn.shopify.com/s/files/1/0890/6968/2722/files/KM0020201800144_PRODUCT_IMAGE.webp?v=1782382786,kg,,,active
kiko-3d-hydra-lipgloss,,,,,,,,,04 - Pearly Peach Rose,,,,,,,,,0.0,,0,deny,manual,1703.00,3960.00,true,false,,,,,,https://cdn.shopify.com/s/files/1/0890/6968/2722/files/kiko_3.jpg?v=1782382787,2,"",,,,https://cdn.shopify.com/s/files/1/0890/6968/2722/files/4_c34a267c-72c2-4f0b-9d51-9ea9355a7e4d.jpg?v=1782382787,kg,,,
kiko-3d-hydra-lipgloss,,,,,,,,,05 - Pearly Pink,,,,,,,,,0.0,,0,deny,manual,1703.00,3960.00,true,false,,,,,,https://cdn.shopify.com/s/files/1/0890/6968/2722/files/KM0020201800144_PRODUCT_IMAGE.webp?v=1782382786,3,"",,,,https://cdn.shopify.com/s/files/1/0890/6968/2722/files/5_b70580c4-085b-4119-a12d-b33c2ae22c2c.jpg?v=1782382787,kg,,,
kiko-3d-hydra-lipgloss,,,,,,,,,07 - Pink Magnolia,,,,,,,,,0.0,,0,deny,manual,1703.00,3960.00,true,false,,,,,,https://cdn.shopify.com/s/files/1/0890/6968/2722/files/KM0020201801744_PRODUCT_IMAGE.webp?v=1782382786,4,"",,,,https://cdn.shopify.com/s/files/1/0890/6968/2722/files/7_7b2ffafa-0486-4881-a7ac-b4a58cc20deb.jpg?v=1782382787,kg,,,
kiko-3d-hydra-lipgloss,,,,,,,,,10 - Sparkling Strawberry,,,,,,,,,0.0,,0,deny,manual,1703.00,3960.00,true,false,,,,,,https://cdn.shopify.com/s/files/1/0890/6968/2722/files/KM0020201802044_PRODUCT_IMAGE.webp?v=1782382787,5,"",,,,https://cdn.shopify.com/s/files/1/0890/6968/2722/files/10_be6c3a31-2991-4924-8304-4a0a9639565e.jpg?v=1782382787,kg,,,
kiko-3d-hydra-lipgloss,,,,,,,,,17 - Pearly Mauve,,,,,,,,,0.0,,0,deny,manual,1703.00,3960.00,true,false,,,,,,https://cdn.shopify.com/s/files/1/0890/6968/2722/files/KM000000188035B_PRODUCT_IMAGE.webp?v=1782382787,6,"",,,,https://cdn.shopify.com/s/files/1/0890/6968/2722/files/KM0020201801744_PRODUCT_IMAGE.webp?v=1782382786,kg,,,
kiko-3d-hydra-lipgloss,,,,,,,,,18 - Golden Sparkle,,,,,,,,,0.0,,0,deny,manual,1703.00,3960.00,true,false,,,,,,https://cdn.shopify.com/s/files/1/0890/6968/2722/files/KM000000188031B_PRODUCT_IMAGE.webp?v=1782382787,7,"",,,,https://cdn.shopify.com/s/files/1/0890/6968/2722/files/18_9ead0cf4-fc90-4fc0-92ea-0c303bb78e04.jpg?v=1782382787,kg,,,
kiko-3d-hydra-lipgloss,,,,,,,,,19 - Cream Cashmere,,,,,,,,,0.0,,0,deny,manual,1703.00,3960.00,true,false,,,,,,https://cdn.shopify.com/s/files/1/0890/6968/2722/files/41_rosy_glares.jpg?v=1782382787,8,"",,,,https://cdn.shopify.com/s/files/1/0890/6968/2722/files/19_53279b6d-de7b-4677-8f8a-0b685b192efc.jpg?v=1782382787,kg,,,
kiko-3d-hydra-lipgloss,,,,,,,,,20 - Chestnut,,,,,,,,,0.0,,0,deny,manual,1703.00,3960.00,true,false,,,,,,https://cdn.shopify.com/s/files/1/0890/6968/2722/files/21_b4a2338f-942a-4e96-a9b3-da62640758bc.jpg?v=1782382787,9,"",,,,https://cdn.shopify.com/s/files/1/0890/6968/2722/files/KM0020201802044_PRODUCT_IMAGE.webp?v=1782382787,kg,,,
kiko-3d-hydra-lipgloss,,,,,,,,,21 - Brun Rose,,,,,,,,,0.0,,0,deny,manual,1703.00,3960.00,true,false,,,,,,https://cdn.shopify.com/s/files/1/0890/6968/2722/files/10_be6c3a31-2991-4924-8304-4a0a9639565e.jpg?v=1782382787,10,"",,,,https://cdn.shopify.com/s/files/1/0890/6968/2722/files/21_b4a2338f-942a-4e96-a9b3-da62640758bc.jpg?v=1782382787,kg,,,
kiko-3d-hydra-lipgloss,,,,,,,,,26 - Sparkling Hibiscus Pink,,,,,,,,,0.0,,0,deny,manual,1703.00,3960.00,true,false,,,,,,https://cdn.shopify.com/s/files/1/0890/6968/2722/files/18_9ead0cf4-fc90-4fc0-92ea-0c303bb78e04.jpg?v=1782382787,11,"",,,,https://cdn.shopify.com/s/files/1/0890/6968/2722/files/26_4f884edf-0c54-4b9a-bd08-5f3c041c5669.jpg?v=1782382787,kg,,,
kiko-3d-hydra-lipgloss,,,,,,,,,31 - Pearly Shell,,,,,,,,,0.0,,0,deny,manual,1703.00,3960.00,true,false,,,,,,https://cdn.shopify.com/s/files/1/0890/6968/2722/files/19_53279b6d-de7b-4677-8f8a-0b685b192efc.jpg?v=1782382787,12,"",,,,https://cdn.shopify.com/s/files/1/0890/6968/2722/files/KM000000188031B_PRODUCT_IMAGE.webp?v=1782382787,kg,,,
kiko-3d-hydra-lipgloss,,,,,,,,,32 - Pearly Natural Rose,,,,,,,,,0.0,,0,deny,manual,1703.00,3960.00,true,false,,,,,,https://cdn.shopify.com/s/files/1/0890/6968/2722/files/26_4f884edf-0c54-4b9a-bd08-5f3c041c5669.jpg?v=1782382787,13,"",,,,https://cdn.shopify.com/s/files/1/0890/6968/2722/files/32_96c21853-4eab-407d-b9f6-806758daffe4.jpg?v=1782382787,kg,,,
kiko-3d-hydra-lipgloss,,,,,,,,,35 - Pearly Warm Mauve,,,,,,,,,0.0,,0,deny,manual,1703.00,3960.00,true,false,,,,,,https://cdn.shopify.com/s/files/1/0890/6968/2722/files/32_96c21853-4eab-407d-b9f6-806758daffe4.jpg?v=1782382787,14,"",,,,https://cdn.shopify.com/s/files/1/0890/6968/2722/files/KM000000188035B_PRODUCT_IMAGE.webp?v=1782382787,kg,,,
kiko-3d-hydra-lipgloss,,,,,,,,,41 - Rosy Glares,,,,,,,,,0.0,,0,deny,manual,1703.00,3960.00,true,false,,,,,,https://cdn.shopify.com/s/files/1/0890/6968/2722/files/4_c34a267c-72c2-4f0b-9d51-9ea9355a7e4d.jpg?v=1782382787,15,"",,,,https://cdn.shopify.com/s/files/1/0890/6968/2722/files/41_rosy_glares.jpg?v=1782382787,kg,,,
kiko-3d-hydra-lipgloss,,,,,,,,,,,,,,,,,,,,,,,,,,,,,,,,https://cdn.shopify.com/s/files/1/0890/6968/2722/files/5_b70580c4-085b-4119-a12d-b33c2ae22c2c.jpg?v=1782382787,16,"",,,,,,,,
kiko-3d-hydra-lipgloss,,,,,,,,,,,,,,,,,,,,,,,,,,,,,,,,https://cdn.shopify.com/s/files/1/0890/6968/2722/files/7_7b2ffafa-0486-4881-a7ac-b4a58cc20deb.jpg?v=1782382787,17,"",,,,,,,,
nars-powder-blush,NARS | Powder Blush,"<p><span>Pure Pigment Blend, an innovative combination of four types of pigment, achieves high-impact, true-color payoff. Irresistibly silky, blendable formula glides on smoothly and evenly while helping to blur the look of imperfections.</span></p> <p><span>Master Dupe</span></p>",GlowGlamByMimi,,"","",true,Shades,Orgasm,,,,,,,,,0.0,,0,deny,manual,2219.00,5160.00,true,false,,,,,,https://cdn.shopify.com/s/files/1/0890/6968/2722/files/GG_Website_Images.jpg?v=1782382786,1,"",false,,,https://cdn.shopify.com/s/files/1/0890/6968/2722/files/NARSorgasm.jpg?v=1782382786,kg,,,active
nars-powder-blush,,,,,,,,,Deep Throat,,,,,,,,,0.0,,0,deny,manual,2219.00,5160.00,true,false,,,,,,https://cdn.shopify.com/s/files/1/0890/6968/2722/files/nars-blush-hero-060624-v2.webp?v=1782382785,2,"",,,,https://cdn.shopify.com/s/files/1/0890/6968/2722/files/NARSdeepthroat.jpg?v=1782382786,kg,,,
nars-powder-blush,,,,,,,,,Taj Mahal,,,,,,,,,0.0,,0,deny,manual,2219.00,5160.00,true,false,,,,,,https://cdn.shopify.com/s/files/1/0890/6968/2722/files/NARSorgasm.jpg?v=1782382786,3,"",,,,https://cdn.shopify.com/s/files/1/0890/6968/2722/files/NARStajmahal.jpg?v=1782382786,kg,,,
nars-powder-blush,,,,,,,,,,,,,,,,,,,,,,,,,,,,,,,,https://cdn.shopify.com/s/files/1/0890/6968/2722/files/NARSdeepthroat.jpg?v=1782382786,4,"",,,,,,,,
nars-powder-blush,,,,,,,,,,,,,,,,,,,,,,,,,,,,,,,,https://cdn.shopify.com/s/files/1/0890/6968/2722/files/NARStajmahal.jpg?v=1782382786,5,"",,,,,,,,
summer-fridays-dream-lip-oil,Summer Fridays | Dream Lip Oil,<p><span>A plush lip oil that glides on like a dream to deliver high-shine tint and intense hydration.</span></p> <p><span><b>Suggested Usage:<br></b>- Apply to bare lips or layer over your favorite lip color or liner for added dimension.</span></p> <p><span>Master Dupe.</span></p>,GlowGlamByMimi,,"","",true,Shade,Rosewood Nights,,,,,,,,,0.0,,0,deny,manual,1445.00,3360.00,true,false,,,,,,https://cdn.shopify.com/s/files/1/0890/6968/2722/files/GG_Website_Images_-_2026-01-25T080654.233.jpg?v=1782382785,1,"",false,,,https://cdn.shopify.com/s/files/1/0890/6968/2722/files/rosewood.webp?v=1782382785,kg,,,active
summer-fridays-dream-lip-oil,,,,,,,,,Soft Mauve,,,,,,,,,0.0,,0,deny,manual,1445.00,3360.00,true,false,,,,,,https://cdn.shopify.com/s/files/1/0890/6968/2722/files/GG_Website_Images_-_2026-01-21T155749.689.jpg?v=1782382785,2,"",,,,https://cdn.shopify.com/s/files/1/0890/6968/2722/files/soft_mauve.webp?v=1782382784,kg,,,
summer-fridays-dream-lip-oil,,,,,,,,,Pink Cloud,,,,,,,,,0.0,,0,deny,manual,1445.00,3360.00,true,false,,,,,,https://cdn.shopify.com/s/files/1/0890/6968/2722/files/GG_Website_Images_-_2026-01-21T155836.501.jpg?v=1782382785,3,"",,,,https://cdn.shopify.com/s/files/1/0890/6968/2722/files/pink_cloud.webp?v=1782382785,kg,,,
summer-fridays-dream-lip-oil,,,,,,,,,Blush Dreams,,,,,,,,,0.0,,0,deny,manual,1445.00,3360.00,true,false,,,,,,https://cdn.shopify.com/s/files/1/0890/6968/2722/files/GG_Website_Images_-_2026-01-21T155819.279.jpg?v=1782382785,4,"",,,,https://cdn.shopify.com/s/files/1/0890/6968/2722/files/blush_dreams.webp?v=1782382784,kg,,,
summer-fridays-dream-lip-oil,,,,,,,,,Warm Beige,,,,,,,,,0.0,,0,deny,manual,1445.00,3360.00,true,false,,,,,,https://cdn.shopify.com/s/files/1/0890/6968/2722/files/soft_mauve.webp?v=1782382784,5,"",,,,https://cdn.shopify.com/s/files/1/0890/6968/2722/files/warm_beige.jpg?v=1782382785,kg,,,
summer-fridays-dream-lip-oil,,,,,,,,,Rose Bud,,,,,,,,,0.0,,0,deny,manual,1445.00,3360.00,true,false,,,,,,https://cdn.shopify.com/s/files/1/0890/6968/2722/files/pink_cloud.webp?v=1782382785,6,"",,,,https://cdn.shopify.com/s/files/1/0890/6968/2722/files/rose_bud.jpg?v=1782382785,kg,,,
summer-fridays-dream-lip-oil,,,,,,,,,Midnight Berry,,,,,,,,,0.0,,0,deny,manual,1445.00,3360.00,true,false,,,,,,https://cdn.shopify.com/s/files/1/0890/6968/2722/files/rosewood.webp?v=1782382785,7,"",,,,https://cdn.shopify.com/s/files/1/0890/6968/2722/files/midnight_berry.jpg?v=1782382785,kg,,,
summer-fridays-dream-lip-oil,,,,,,,,,Bare Sand,,,,,,,,,0.0,,0,deny,manual,1445.00,3360.00,true,false,,,,,,https://cdn.shopify.com/s/files/1/0890/6968/2722/files/blush_dreams.webp?v=1782382784,8,"",,,,https://cdn.shopify.com/s/files/1/0890/6968/2722/files/bare_sand.jpg?v=1782382785,kg,,,
summer-fridays-dream-lip-oil,,,,,,,,,,,,,,,,,,,,,,,,,,,,,,,,https://cdn.shopify.com/s/files/1/0890/6968/2722/files/bare_sand.jpg?v=1782382785,9,"",,,,,,,,
summer-fridays-dream-lip-oil,,,,,,,,,,,,,,,,,,,,,,,,,,,,,,,,https://cdn.shopify.com/s/files/1/0890/6968/2722/files/midnight_berry.jpg?v=1782382785,10,"",,,,,,,,
summer-fridays-dream-lip-oil,,,,,,,,,,,,,,,,,,,,,,,,,,,,,,,,https://cdn.shopify.com/s/files/1/0890/6968/2722/files/rose_bud.jpg?v=1782382785,11,"",,,,,,,,
summer-fridays-dream-lip-oil,,,,,,,,,,,,,,,,,,,,,,,,,,,,,,,,https://cdn.shopify.com/s/files/1/0890/6968/2722/files/warm_beige.jpg?v=1782382785,12,"",,,,,,,,
red-heart-corduroy-makeup-pouch-bag,Red Heart Corduroy Makeup Pouch / Bag,<p></p>,GlowGlamByMimi,,"","",true,Title,Default Title,,,,,,,,,0.0,,0,deny,manual,1273.00,2960.00,true,false,,,,,,https://cdn.shopify.com/s/files/1/0890/6968/2722/files/GGWebsiteImages_1.jpg?v=1782382784,1,"",false,,,,kg,,,active
red-heart-corduroy-makeup-pouch-bag,,,,,,,,,,,,,,,,,,,,,,,,,,,,,,,,https://cdn.shopify.com/s/files/1/0890/6968/2722/files/GGWebsiteImages_2.jpg?v=1782382784,2,"",,,,,,,,
red-heart-corduroy-makeup-pouch-bag,,,,,,,,,,,,,,,,,,,,,,,,,,,,,,,,https://cdn.shopify.com/s/files/1/0890/6968/2722/files/redheartbag.webp?v=1782382783,3,"",,,,,,,,
red-heart-corduroy-makeup-pouch-bag-copy,Honey Bee Corduroy Makeup Pouch / Bag,<p></p>,GlowGlamByMimi,,"","",true,Title,Default Title,,,,,,,,,0.0,,0,deny,manual,1273.00,2960.00,true,false,,,,,,https://cdn.shopify.com/s/files/1/0890/6968/2722/files/GGWebsiteImages_3.jpg?v=1782382783,1,"",false,,,,kg,,,active
red-heart-corduroy-makeup-pouch-bag-copy,,,,,,,,,,,,,,,,,,,,,,,,,,,,,,,,https://cdn.shopify.com/s/files/1/0890/6968/2722/files/GGWebsiteImages_5.jpg?v=1782382783,2,"",,,,,,,,
red-heart-corduroy-makeup-pouch-bag-copy,,,,,,,,,,,,,,,,,,,,,,,,,,,,,,,,https://cdn.shopify.com/s/files/1/0890/6968/2722/files/GGWebsiteImages_4.jpg?v=1782382783,3,"",,,,,,,,
honey-bee-corduroy-makeup-pouch-bag-copy,Floral Quilted Makeup Pouch / Bag,<p></p>,GlowGlamByMimi,,"","",true,Title,Default Title,,,,,,,,,0.0,,0,deny,manual,1101.00,2560.00,true,false,,,,,,https://cdn.shopify.com/s/files/1/0890/6968/2722/files/GGWebsiteImages_12.jpg?v=1782382782,1,"",false,,,,kg,,,active
honey-bee-corduroy-makeup-pouch-bag-copy,,,,,,,,,,,,,,,,,,,,,,,,,,,,,,,,https://cdn.shopify.com/s/files/1/0890/6968/2722/files/67acfeff-b3a7-498d-a471-3f8e02a15852.webp?v=1782382782,2,"",,,,,,,,
honey-bee-corduroy-makeup-pouch-bag-copy,,,,,,,,,,,,,,,,,,,,,,,,,,,,,,,,https://cdn.shopify.com/s/files/1/0890/6968/2722/files/863bcbea-9056-11ef-b1b0-0a580a69d24a.webp?v=1782382782,3,"",,,,,,,,
bow-coquette-quilted-makeup-pouch-bag,Bow Coquette Quilted Makeup Pouch / Bag,<p></p>,GlowGlamByMimi,,"","",true,Title,Default Title,,,,,,,,,0.0,,0,deny,manual,1101.00,2560.00,true,false,,,,,,https://cdn.shopify.com/s/files/1/0890/6968/2722/files/GGWebsiteImages_13.jpg?v=1782382781,1,"",false,,,,kg,,,active
bow-coquette-quilted-makeup-pouch-bag,,,,,,,,,,,,,,,,,,,,,,,,,,,,,,,,https://cdn.shopify.com/s/files/1/0890/6968/2722/files/GGWebsiteImages_15.jpg?v=1782382781,2,"",,,,,,,,
bow-coquette-quilted-makeup-pouch-bag,,,,,,,,,,,,,,,,,,,,,,,,,,,,,,,,https://cdn.shopify.com/s/files/1/0890/6968/2722/files/GGWebsiteImages_14.jpg?v=1782382781,3,"",,,,,,,,
elf-hydrating-camo-concealer,ELF | Hydrating Camo Concealer,"<p><span>Nothing to see here—this full-coverage liquid concealer covers up blemishes and under-eye circles while delivering a boost of hydration to your skin. The lightweight, blendable formula corrects and perfects giving you a smooth, satin, crease-resistant finish that’s long-lasting.</span></p> <p><span>Master Dupe</span></p>",GlowGlamByMimi,,"","",true,Shade,Fair Beige,,,,,,,,,0.0,,0,deny,manual,1273.00,2960.00,true,false,,,,,,https://cdn.shopify.com/s/files/1/0890/6968/2722/files/FairBeigeElf.jpg?v=1782382781,1,"",false,,,https://cdn.shopify.com/s/files/1/0890/6968/2722/files/FairBeigeElf.jpg?v=1782382781,kg,,,active
elf-hydrating-camo-concealer,,,,,,,,,Fair Warm,,,,,,,,,0.0,,0,deny,manual,1273.00,2960.00,true,false,,,,,,https://cdn.shopify.com/s/files/1/0890/6968/2722/files/elfffff.jpg?v=1782382780,2,"",,,,https://cdn.shopify.com/s/files/1/0890/6968/2722/files/FairWarmElf.jpg?v=1782382780,kg,,,
elf-hydrating-camo-concealer,,,,,,,,,Light Ivory,,,,,,,,,0.0,,0,deny,manual,1273.00,2960.00,true,false,,,,,,https://cdn.shopify.com/s/files/1/0890/6968/2722/files/GGWebsiteImages_26.jpg?v=1782382780,3,"",,,,https://cdn.shopify.com/s/files/1/0890/6968/2722/files/LightIvoryElf.jpg?v=1782382780,kg,,,
elf-hydrating-camo-concealer,,,,,,,,,,,,,,,,,,,,,,,,,,,,,,,,https://cdn.shopify.com/s/files/1/0890/6968/2722/files/elf_pack.jpg?v=1782382780,4,"",,,,,,,,
elf-hydrating-camo-concealer,,,,,,,,,,,,,,,,,,,,,,,,,,,,,,,,https://cdn.shopify.com/s/files/1/0890/6968/2722/files/LightIvoryElf.jpg?v=1782382780,5,"",,,,,,,,
elf-hydrating-camo-concealer,,,,,,,,,,,,,,,,,,,,,,,,,,,,,,,,https://cdn.shopify.com/s/files/1/0890/6968/2722/files/FairWarmElf.jpg?v=1782382780,6,"",,,,,,,,
sheglam-cupid-cream-blush,SHEGLAM | Cupid Cream Blush,"<p><span>Bring a natural color to your cheeks with our SHEGLAM Playing Cupid Cream Blush! Featuring rich color payoff and soft silky texture, you can apply this blush directly on your lips or cheeks with your fingers or a brush.</span></p> <p><span>Master Dupe</span></p>",GlowGlamByMimi,,"","",true,Shade,Adorn,,,,,,,,,0.0,,0,deny,manual,1101.00,2560.00,true,false,,,,,,https://cdn.shopify.com/s/files/1/0890/6968/2722/files/GG_Website_Images_27.jpg?v=1782382779,1,"",false,,,https://cdn.shopify.com/s/files/1/0890/6968/2722/files/Adorn_SG.jpg?v=1782382779,kg,,,active
sheglam-cupid-cream-blush,,,,,,,,,Delight,,,,,,,,,0.0,,0,deny,manual,1101.00,2560.00,true,false,,,,,,https://cdn.shopify.com/s/files/1/0890/6968/2722/files/adorn.jpg?v=1782382780,2,"",,,,https://cdn.shopify.com/s/files/1/0890/6968/2722/files/Delight_SG.jpg?v=1782382779,kg,,,
sheglam-cupid-cream-blush,,,,,,,,,Romance,,,,,,,,,0.0,,0,deny,manual,1101.00,2560.00,true,false,,,,,,https://cdn.shopify.com/s/files/1/0890/6968/2722/files/cupid.jpg?v=1782382779,3,"",,,,https://cdn.shopify.com/s/files/1/0890/6968/2722/files/Romance_SG.jpg?v=1782382780,kg,,,
sheglam-cupid-cream-blush,,,,,,,,,Cherish,,,,,,,,,0.0,,0,deny,manual,1101.00,2560.00,true,false,,,,,,https://cdn.shopify.com/s/files/1/0890/6968/2722/files/17194763191177934106ab0fee700526d5d6d63518_thumbnail_1200x_df4ef197-2b54-4833-84a6-e4ded26ae62c.jpg?v=1782382780,4,"",,,,https://cdn.shopify.com/s/files/1/0890/6968/2722/files/Cherish_SG.jpg?v=1782382780,kg,,,
sheglam-cupid-cream-blush,,,,,,,,,,,,,,,,,,,,,,,,,,,,,,,,https://cdn.shopify.com/s/files/1/0890/6968/2722/files/Adorn_SG.jpg?v=1782382779,5,"",,,,,,,,
sheglam-cupid-cream-blush,,,,,,,,,,,,,,,,,,,,,,,,,,,,,,,,https://cdn.shopify.com/s/files/1/0890/6968/2722/files/Delight_SG.jpg?v=1782382779,6,"",,,,,,,,
sheglam-cupid-cream-blush,,,,,,,,,,,,,,,,,,,,,,,,,,,,,,,,https://cdn.shopify.com/s/files/1/0890/6968/2722/files/Romance_SG.jpg?v=1782382780,7,"",,,,,,,,
sheglam-cupid-cream-blush,,,,,,,,,,,,,,,,,,,,,,,,,,,,,,,,https://cdn.shopify.com/s/files/1/0890/6968/2722/files/Cherish_SG.jpg?v=1782382780,8,"",,,,,,,,
sheglam-skin-focus-high-coverage-powder-foundation,SHEGLAM | Skin Focus High Coverage Powder Foundation,"<p><span>Say BUH-BYE to unwanted shine and HELLO to a soft, smooth, and lightweight full-coverage finish! Our oil-control soft-focus powder foundation features a talc-free formulation, enriched with natural shea butter and jojoba seed oil, that removes shine while making your skin appear silky smooth!</span></p> <p><span>Master Dupe</span></p> <p><span>Packaging might have printing issue for shade names but the product is completely perfect.</span></p>",GlowGlamByMimi,,"","",true,Shade,01 Linen,,,,,,,,,0.0,,0,deny,manual,1359.00,3160.00,true,false,,,,,,https://cdn.shopify.com/s/files/1/0890/6968/2722/files/SHeglampowderfoundation.webp?v=1782382779,1,"",false,,,https://cdn.shopify.com/s/files/1/0890/6968/2722/files/SHeglampowderfoundation.webp?v=1782382779,kg,,,active
sheglam-skin-focus-high-coverage-powder-foundation,,,,,,,,,02 Fair,,,,,,,,,0.0,,0,deny,manual,1359.00,3160.00,true,false,,,,,,https://cdn.shopify.com/s/files/1/0890/6968/2722/files/sheglammmm.webp?v=1782382778,2,"",,,,https://cdn.shopify.com/s/files/1/0890/6968/2722/files/Fair.jpg?v=1782382779,kg,,,
sheglam-skin-focus-high-coverage-powder-foundation,,,,,,,,,03 Nude,,,,,,,,,0.0,,0,deny,manual,1359.00,3160.00,true,false,,,,,,https://cdn.shopify.com/s/files/1/0890/6968/2722/files/1693891173786b513cfa989a6ef51eae43dba019f2_thumbnail_1200x_wk_sheglam.jpg?v=1782382779,3,"",,,,https://cdn.shopify.com/s/files/1/0890/6968/2722/files/nude_SG.jpg?v=1782382779,kg,,,
sheglam-skin-focus-high-coverage-powder-foundation,,,,,,,,,,,,,,,,,,,,,,,,,,,,,,,,https://cdn.shopify.com/s/files/1/0890/6968/2722/files/Fair.jpg?v=1782382779,4,"",,,,,,,,
sheglam-skin-focus-high-coverage-powder-foundation,,,,,,,,,,,,,,,,,,,,,,,,,,,,,,,,https://cdn.shopify.com/s/files/1/0890/6968/2722/files/nude_SG.jpg?v=1782382779,5,"",,,,,,,,
rhode-peptide-lip-shape,RHODE | Peptide Lip Shape,"<p><span>Enhance your </span><strong>lips</strong><span> with ease using </span><em>Rhode Peptide Lip Shape</em><span>. This innovative lip product combines </span><strong>soft-focus color</strong><span> with </span><strong>high-performance skincare</strong><span> to give your lips added </span><strong>dimension</strong><span>. Its </span><strong>creamy</strong><span>, seamless formula </span><strong>glides on</strong><span> smoothly, creating a natural, </span><strong>contoured effect</strong><span>—no </span><strong>lip liner</strong><span> needed. Infused with potent </span><strong>peptides</strong><span>, it visibly enhances </span><strong>lip volume</strong><span> and </span><strong>nourishes</strong><span> your lips with every application. For a </span><strong>fuller</strong><span>, more defined </span><strong>pout</strong><span>, </span><em>Rhode Peptide Lip Shape</em><span> is the perfect addition to your beauty routine</span></p> <p><span>Master Dupe</span></p>",GlowGlamByMimi,,"","",true,Shade,Press,,,,,,,,,0.0,,0,deny,manual,1531.00,3560.00,true,false,,,,,,https://cdn.shopify.com/s/files/1/0890/6968/2722/files/RhodeLipShape.webp?v=1782382777,1,"",false,,,,kg,,,active
rhode-peptide-lip-shape,,,,,,,,,Bend,,,,,,,,,0.0,,0,deny,manual,1531.00,3560.00,true,false,,,,,,https://cdn.shopify.com/s/files/1/0890/6968/2722/files/GGWebsiteImages_29.jpg?v=1782382778,2,"",,,,,kg,,,
rhode-peptide-lip-shape,,,,,,,,,Lunge,,,,,,,,,0.0,,0,deny,manual,1531.00,3560.00,true,false,,,,,,https://cdn.shopify.com/s/files/1/0890/6968/2722/files/GGWebsiteImages_28.jpg?v=1782382778,3,"",,,,,kg,,,
rhode-peptide-lip-shape,,,,,,,,,Twist,,,,,,,,,0.0,,0,deny,manual,1531.00,3560.00,true,false,,,,,,https://cdn.shopify.com/s/files/1/0890/6968/2722/files/FullSizeRender_3cc72dc0-aaf5-4006-a5c7-0d067a736611.jpg?v=1782382777,4,"",,,,,kg,,,
rhode-peptide-lip-shape,,,,,,,,,Lift,,,,,,,,,0.0,,0,deny,manual,1531.00,3560.00,true,false,,,,,,https://cdn.shopify.com/s/files/1/0890/6968/2722/files/IMG-3868.webp?v=1782382777,5,"",,,,,kg,,,
rhode-peptide-lip-shape,,,,,,,,,Lean,,,,,,,,,0.0,,0,deny,manual,1531.00,3560.00,true,false,,,,,,https://cdn.shopify.com/s/files/1/0890/6968/2722/files/Rhode-Peptide-Lip-Shape-swatches-1365x2048.jpg?v=1782382778,6,"",,,,,kg,,,
rhode-peptide-lip-shape,,,,,,,,,Stretch,,,,,,,,,0.0,,0,deny,manual,1531.00,3560.00,true,false,,,,,,,,,,,,,kg,,,
rhode-peptide-lip-shape,,,,,,,,,Balance,,,,,,,,,0.0,,0,deny,manual,1531.00,3560.00,true,false,,,,,,,,,,,,,kg,,,
rhode-peptide-lip-shape,,,,,,,,,Move,,,,,,,,,0.0,,0,deny,manual,1531.00,3560.00,true,false,,,,,,,,,,,,,kg,,,
rhode-peptide-lip-shape,,,,,,,,,Spin,,,,,,,,,0.0,,0,deny,manual,1531.00,3560.00,true,false,,,,,,,,,,,,,kg,,,
rhode-peptide-lip-shape,,,,,,,,,Flex,,,,,,,,,0.0,,0,deny,manual,1531.00,3560.00,true,false,,,,,,,,,,,,,kg,,,
rare-beauty-soft-pinch-tinted-lip-oil,RARE BEAUTY | Soft Pinch Tinted Lip Oil,"<p><span>An innovative lip jelly that transforms into a lightweight oil. Starts off glossy, then leaves lips tinted while gently plumping</span><strong><span> </span></strong><span>and staying comfortable—never sticky—all day</span></p> <p><span>Master Dupe</span></p>",GlowGlamByMimi,,"","",true,Shade,Happy,,,,,,,,,0.0,,0,deny,manual,1359.00,3160.00,true,false,,,,,,https://cdn.shopify.com/s/files/1/0890/6968/2722/files/GGWebsiteImages_30.jpg?v=1782382777,1,"",false,,,https://cdn.shopify.com/s/files/1/0890/6968/2722/files/Rare_Beauty_Soft_Pinch_Tinted_Lip_Oil_HAPPY_c511cfaf-bd0e-48b7-853c-a8b74612776c.webp?v=1782382777,kg,,,active
rare-beauty-soft-pinch-tinted-lip-oil,,,,,,,,,Joy,,,,,,,,,0.0,,0,deny,manual,1359.00,3160.00,true,false,,,,,,https://cdn.shopify.com/s/files/1/0890/6968/2722/files/soft-pinch-tinted-lip-oil-group-1440x1952_jpg.webp?v=1782382777,2,"",,,,https://cdn.shopify.com/s/files/1/0890/6968/2722/files/Rare_Beauty_Soft_Pinch_Tinted_Lip_Oil_JOY_6aecf8a8-b675-40a7-877d-d7d88e02b137.webp?v=1782382776,kg,,,
rare-beauty-soft-pinch-tinted-lip-oil,,,,,,,,,Hope,,,,,,,,,0.0,,0,deny,manual,1359.00,3160.00,true,false,,,,,,https://cdn.shopify.com/s/files/1/0890/6968/2722/files/rare_ooil.jpg?v=1782382777,3,"",,,,https://cdn.shopify.com/s/files/1/0890/6968/2722/files/Rare_Beauty_Soft_Pinch_Tinted_Lip_Oil_HOPE_dd3d885c-9689-47f9-a211-4ee4b903f166.webp?v=1782382777,kg,,,
rare-beauty-soft-pinch-tinted-lip-oil,,,,,,,,,Serenity,,,,,,,,,0.0,,0,deny,manual,1359.00,3160.00,true,false,,,,,,https://cdn.shopify.com/s/files/1/0890/6968/2722/files/s2640183-av-5-zoom.webp?v=1782382777,4,"",,,,https://cdn.shopify.com/s/files/1/0890/6968/2722/files/Rare_Beauty_Soft_Pinch_Tinted_Lip_Oil_SERENITY_6f72de8a-158b-421c-867b-0b6aef608594.webp?v=1782382777,kg,,,
rare-beauty-soft-pinch-tinted-lip-oil,,,,,,,,,Honesty,,,,,,,,,0.0,,0,deny,manual,1359.00,3160.00,true,false,,,,,,https://cdn.shopify.com/s/files/1/0890/6968/2722/files/Rare_Beauty_Soft_Pinch_Tinted_Lip_Oil_HAPPY_c511cfaf-bd0e-48b7-853c-a8b74612776c.webp?v=1782382777,5,"",,,,https://cdn.shopify.com/s/files/1/0890/6968/2722/files/Rare_Beauty_Soft_Pinch_Tinted_Lip_Oil_HONESTY_0249bdf8-b311-4722-b14f-f78286d4b6da.webp?v=1782382776,kg,,,
rare-beauty-soft-pinch-tinted-lip-oil,,,,,,,,,,,,,,,,,,,,,,,,,,,,,,,,https://cdn.shopify.com/s/files/1/0890/6968/2722/files/Rare_Beauty_Soft_Pinch_Tinted_Lip_Oil_JOY_6aecf8a8-b675-40a7-877d-d7d88e02b137.webp?v=1782382776,6,"",,,,,,,,
rare-beauty-soft-pinch-tinted-lip-oil,,,,,,,,,,,,,,,,,,,,,,,,,,,,,,,,https://cdn.shopify.com/s/files/1/0890/6968/2722/files/Rare_Beauty_Soft_Pinch_Tinted_Lip_Oil_HOPE_dd3d885c-9689-47f9-a211-4ee4b903f166.webp?v=1782382777,7,"",,,,,,,,
rare-beauty-soft-pinch-tinted-lip-oil,,,,,,,,,,,,,,,,,,,,,,,,,,,,,,,,https://cdn.shopify.com/s/files/1/0890/6968/2722/files/Rare_Beauty_Soft_Pinch_Tinted_Lip_Oil_SERENITY_6f72de8a-158b-421c-867b-0b6aef608594.webp?v=1782382777,8,"",,,,,,,,
rare-beauty-soft-pinch-tinted-lip-oil,,,,,,,,,,,,,,,,,,,,,,,,,,,,,,,,https://cdn.shopify.com/s/files/1/0890/6968/2722/files/Rare_Beauty_Soft_Pinch_Tinted_Lip_Oil_WONDER_b6badd75-0a09-4e54-93d0-a40aa6bd70bb.webp?v=1782382777,9,"",,,,,,,,
rare-beauty-soft-pinch-tinted-lip-oil,,,,,,,,,,,,,,,,,,,,,,,,,,,,,,,,https://cdn.shopify.com/s/files/1/0890/6968/2722/files/Rare_Beauty_Soft_Pinch_Tinted_Lip_Oil_HONESTY_0249bdf8-b311-4722-b14f-f78286d4b6da.webp?v=1782382776,10,"",,,,,,,,
rare-beauty-soft-pinch-tinted-lip-oil-liquid-blush-duo,RARE BEAUTY | Soft Pinch Tinted Lip Oil & Liquid Blush Duo,"<p><span>Bring colour to the lips and cheeks with the Rare Beauty Duo: Soft Pinch Blush &amp; Lip Oil, a makeup set for flattering, long-lasting looks.</span></p> <p>Contact us on instagram: @glowglambymimi for shade customization or write your preferred shades from the available ones in the order notes.</p> <p>Products will be regular size.</p>",GlowGlamByMimi,,"","",true,Title,Default Title,,,,,,,,,0.0,,0,deny,manual,2735.00,6360.00,true,false,,,,,,https://cdn.shopify.com/s/files/1/0890/6968/2722/files/UK200039148_RARE.jpg?v=1782382776,1,"",false,,,,kg,,,active
huda-beauty-faux-filler-lip-gloss,HUDA BEAUTY | Faux Filler Lip Gloss,"<p>Get ready to shine with the Huda Beauty - Faux Filler Extra Shine Lip Gloss. This luxurious lip gloss features a hydrating, fine-line smoothing formula that glides onto the lips with a non-stick, reflective 'glass-like' finish. Packed with lip-loving, active ingredients like vitamin E and infused with vegan collagen, this lip gloss provides comfortable coverage that moisturizes the lips. The big juicy doe foot applicator with an innovative reservoir ensures instant glossy lips with every application.</p> <p>Master Dupe.</p>",GlowGlamByMimi,,"","",true,Shade,Bombshell - Pinkish Brown,,,,,,,,,0.0,,0,deny,manual,2563.00,5960.00,true,false,,,,,,https://cdn.shopify.com/s/files/1/0890/6968/2722/files/bombshellhdua.webp?v=1782382774,1,"",false,,,https://cdn.shopify.com/s/files/1/0890/6968/2722/files/bombshellhdua.webp?v=1782382774,kg,,,active
huda-beauty-faux-filler-lip-gloss,,,,,,,,,Sugar Baby - Light Pink,,,,,,,,,0.0,,0,deny,manual,2563.00,5960.00,true,false,,,,,,https://cdn.shopify.com/s/files/1/0890/6968/2722/files/Screenshot2025-07-04002648.jpg?v=1782382774,2,"",,,,https://cdn.shopify.com/s/files/1/0890/6968/2722/files/sugarbabyhuda.webp?v=1782382774,kg,,,
huda-beauty-faux-filler-lip-gloss,,,,,,,,,Coco - Deep Brown,,,,,,,,,0.0,,0,deny,manual,2563.00,5960.00,true,false,,,,,,https://cdn.shopify.com/s/files/1/0890/6968/2722/files/hudaglosss.jpg?v=1782382774,3,"",,,,https://cdn.shopify.com/s/files/1/0890/6968/2722/files/cocohuda.webp?v=1782382774,kg,,,
huda-beauty-faux-filler-lip-gloss,,,,,,,,,Posh - Deep Rose,,,,,,,,,0.0,,0,deny,manual,2563.00,5960.00,true,false,,,,,,https://cdn.shopify.com/s/files/1/0890/6968/2722/files/hudaglossshades.jpg?v=1782382774,4,"",,,,https://cdn.shopify.com/s/files/1/0890/6968/2722/files/Poshhuda.webp?v=1782382774,kg,,,
huda-beauty-faux-filler-lip-gloss,,,,,,,,,Glassy - Clear,,,,,,,,,0.0,,0,deny,manual,2563.00,5960.00,true,false,,,,,,https://cdn.shopify.com/s/files/1/0890/6968/2722/files/sugarbabyhuda.webp?v=1782382774,5,"",,,,https://cdn.shopify.com/s/files/1/0890/6968/2722/files/GG_Website_Images_2_77.jpg?v=1782382774,kg,,,
huda-beauty-faux-filler-lip-gloss,,,,,,,,,Honey - Light Peechy,,,,,,,,,0.0,,0,deny,manual,2563.00,5960.00,true,false,,,,,,https://cdn.shopify.com/s/files/1/0890/6968/2722/files/cocohuda.webp?v=1782382774,6,"",,,,https://cdn.shopify.com/s/files/1/0890/6968/2722/files/GG_Website_Images_2_78.jpg?v=1782382774,kg,,,
huda-beauty-faux-filler-lip-gloss,,,,,,,,,,,,,,,,,,,,,,,,,,,,,,,,https://cdn.shopify.com/s/files/1/0890/6968/2722/files/Poshhuda.webp?v=1782382774,7,"",,,,,,,,
huda-beauty-faux-filler-lip-gloss,,,,,,,,,,,,,,,,,,,,,,,,,,,,,,,,https://cdn.shopify.com/s/files/1/0890/6968/2722/files/GG_Website_Images_2_77.jpg?v=1782382774,8,"",,,,,,,,
huda-beauty-faux-filler-lip-gloss,,,,,,,,,,,,,,,,,,,,,,,,,,,,,,,,https://cdn.shopify.com/s/files/1/0890/6968/2722/files/GG_Website_Images_2_78.jpg?v=1782382774,9,"",,,,,,,,
dior-addict-lip-glow-oil,DIOR | Addict Lip Glow Oil,"<p>Dior Addict Lip Glow Oil softens and revitalises lips while enhancing them with a glossy finish. Its non-greasy, non-sticky texture pushes the boundaries of shine and creates a smoothing film that shapes the lips with a mirror-shine effect. </p> <p>Master Dupe.</p>",GlowGlamByMimi,,"","",true,Shade,001 Pink,,,,,,,,,0.0,,0,deny,manual,2563.00,5960.00,true,false,,,,,,https://cdn.shopify.com/s/files/1/0890/6968/2722/files/DBB734C6-ED59-49B4-A9F5-C91CF1B298F7.jpg?v=1782382773,1,"",false,,,https://cdn.shopify.com/s/files/1/0890/6968/2722/files/DBB734C6-ED59-49B4-A9F5-C91CF1B298F7.jpg?v=1782382773,kg,,,active
dior-addict-lip-glow-oil,,,,,,,,,006 Berry,,,,,,,,,0.0,,0,deny,manual,2563.00,5960.00,true,false,,,,,,https://cdn.shopify.com/s/files/1/0890/6968/2722/files/Main_60ff6aa5-0379-46ea-92e5-776417201829.webp?v=1782382773,2,"",,,,https://cdn.shopify.com/s/files/1/0890/6968/2722/files/C28AE98A-6DC0-4C91-8395-09A870D9AC01.jpg?v=1782382773,kg,,,
dior-addict-lip-glow-oil,,,,,,,,,012 Rosewood,,,,,,,,,0.0,,0,deny,manual,2563.00,5960.00,true,false,,,,,,https://cdn.shopify.com/s/files/1/0890/6968/2722/files/diorlipoils.webp?v=1782382773,3,"",,,,https://cdn.shopify.com/s/files/1/0890/6968/2722/files/A89B14C9-634E-4832-B938-BDE3DC758792.jpg?v=1782382773,kg,,,
dior-addict-lip-glow-oil,,,,,,,,,015 Cherry,,,,,,,,,0.0,,0,deny,manual,2563.00,5960.00,true,false,,,,,,https://cdn.shopify.com/s/files/1/0890/6968/2722/files/C28AE98A-6DC0-4C91-8395-09A870D9AC01.jpg?v=1782382773,4,"",,,,https://cdn.shopify.com/s/files/1/0890/6968/2722/files/76138CED-B96B-415D-9C9C-DB22480B05EB.jpg?v=1782382773,kg,,,
dior-addict-lip-glow-oil,,,,,,,,,,,,,,,,,,,,,,,,,,,,,,,,https://cdn.shopify.com/s/files/1/0890/6968/2722/files/A89B14C9-634E-4832-B938-BDE3DC758792.jpg?v=1782382773,5,"",,,,,,,,
dior-addict-lip-glow-oil,,,,,,,,,,,,,,,,,,,,,,,,,,,,,,,,https://cdn.shopify.com/s/files/1/0890/6968/2722/files/76138CED-B96B-415D-9C9C-DB22480B05EB.jpg?v=1782382773,6,"",,,,,,,,
charlotte-tilbury-flawless-finish-setting-powder-fair,Charlotte Tilbury | Flawless Finish Setting Powder,"<p><span>Shade: Fair</span></p> <p><span>Think of this one as an eraser for your pores. Just a few simple strokes of this powder blurs imperfections, keeps makeup in its place, and adds a tiny bit more coverage. The slight luminousity to the formula is the icing on the cake.</span></p> <p><span>Master Dupe.</span></p>",GlowGlamByMimi,,"","",true,Shade,Fair,,,,,,,,,0.0,,0,deny,manual,3165.00,7360.00,true,false,,,,,,https://cdn.shopify.com/s/files/1/0890/6968/2722/files/CTFair.webp?v=1782382773,1,"",false,,,,kg,,,active
charlotte-tilbury-flawless-finish-setting-powder-fair,,,,,,,,,Medium,,,,,,,,,0.0,,0,deny,manual,3165.00,7360.00,true,false,,,,,,https://cdn.shopify.com/s/files/1/0890/6968/2722/files/Screenshot2025-07-04010632.jpg?v=1782382772,2,"",,,,,kg,,,
victorias-secret-romantic-fragrance-mist-250-ml,Victoria's Secret | Romantic Fragrance Mist - 250 ml,<p></p>,GlowGlamByMimi,,"","",true,Title,Default Title,,,,,,,,,0.0,,0,deny,manual,1875.00,4360.00,true,false,,,,,,https://cdn.shopify.com/s/files/1/0890/6968/2722/files/Romantic_1.webp?v=1782382772,1,"",false,,,,kg,,,active
victorias-secret-pure-seduction-la-creme-fragrance-mist-250-ml,Victoria's Secret | Pure Seduction La Creme Fragrance Mist - 250 ml,<p></p>,GlowGlamByMimi,,"","",true,Title,Default Title,,,,,,,,,0.0,,0,deny,manual,1875.00,4360.00,true,false,,,,,,https://cdn.shopify.com/s/files/1/0890/6968/2722/files/VCPureSeduction_1.webp?v=1782382771,1,"",false,,,,kg,,,active
victorias-secret-aqua-kiss-fragrance-mist-250-ml,Victoria's Secret | Aqua Kiss Fragrance Mist - 250 ml,<p></p>,GlowGlamByMimi,,"","",true,Title,Default Title,,,,,,,,,0.0,,0,deny,manual,1875.00,4360.00,true,false,,,,,,https://cdn.shopify.com/s/files/1/0890/6968/2722/files/AquaKiss.webp?v=1782382770,1,"",false,,,,kg,,,active
victorias-secret-velvet-petals-fragrance-mist-250-ml,Victoria's Secret | Velvet Petals Fragrance Mist - 250 ml,<p></p>,GlowGlamByMimi,,"","",true,Title,Default Title,,,,,,,,,0.0,,0,deny,manual,1875.00,4360.00,true,false,,,,,,https://cdn.shopify.com/s/files/1/0890/6968/2722/files/victoriasecretmistvelvetpetals.webp?v=1782382769,1,"",false,,,,kg,,,active
sol-de-janeiro-cheirosa-68-perfume-mist-90-ml,SOL DE JANEIRO | Cheirosa 68 Perfume Mist - 90 ml,"<div><span>This fresh, bright floral scent invites you into Sol de Janeiro’s lush garden by the sea—a sun-dappled oasis brimming with vibrant flora and dancing with ocean air.</span></div> <div> <span></span><br> </div> <div>Master Dupe</div>",GlowGlamByMimi,,"","",true,Title,Default Title,,,,,,,,,0.0,,0,deny,manual,2391.00,5560.00,true,false,,,,,,https://cdn.shopify.com/s/files/1/0890/6968/2722/files/GGWebsiteImages_31_f8b0a9f8-514c-4a42-ad56-a330d684e61c.jpg?v=1782382768,1,"",false,,,,kg,,,active
sol-de-janeiro-cheirosa-68-perfume-mist-90-ml,,,,,,,,,,,,,,,,,,,,,,,,,,,,,,,,https://cdn.shopify.com/s/files/1/0890/6968/2722/files/s2569747-av-02-zoom_218a3aee-684a-42bd-92d7-c46604bda9d6.webp?v=1782382768,2,"",,,,,,,,
sol-de-janeiro-cheirosa-68-perfume-mist-90-ml,,,,,,,,,,,,,,,,,,,,,,,,,,,,,,,,https://cdn.shopify.com/s/files/1/0890/6968/2722/files/s2569747-av-03-zoom_0be9a1ed-f7a2-43a8-8ded-3d164a12f9be.jpg?v=1782382768,3,"",,,,,,,,
sol-de-janeiro-cheirosa-68-perfume-mist-90-ml,,,,,,,,,,,,,,,,,,,,,,,,,,,,,,,,https://cdn.shopify.com/s/files/1/0890/6968/2722/files/s2569747-av-04-zoom_0519c82c-c714-492f-a293-72db92c9594c.jpg?v=1782382768,4,"",,,,,,,,
sol-de-janeiro-cheirosa-48-perfume-mist-90-ml,SOL DE JANEIRO | Cheirosa 48 Perfume Mist - 90 ml,"<div><span>This fresh, bright floral scent invites you into Sol de Janeiro’s lush garden by the sea—a sun-dappled oasis brimming with vibrant flora and dancing with ocean air.</span></div> <div> <span></span><br> </div> <div>Master Dupe</div>",GlowGlamByMimi,,"","",true,Title,Default Title,,,,,,,,,0.0,,0,deny,manual,2391.00,5560.00,true,false,,,,,,https://cdn.shopify.com/s/files/1/0890/6968/2722/files/GGWebsiteImages_32.jpg?v=1782382767,1,"",false,,,,kg,,,active
sol-de-janeiro-cheirosa-48-perfume-mist-90-ml,,,,,,,,,,,,,,,,,,,,,,,,,,,,,,,,https://cdn.shopify.com/s/files/1/0890/6968/2722/files/images-18_587316b4-cea9-4356-8504-9f7a26984003.webp?v=1782382767,2,"",,,,,,,,
sol-de-janeiro-cheirosa-48-perfume-mist-90-ml,,,,,,,,,,,,,,,,,,,,,,,,,,,,,,,,https://cdn.shopify.com/s/files/1/0890/6968/2722/files/images-17_8d5a06d5-ad54-47cd-9227-959d77038476.webp?v=1782382767,3,"",,,,,,,,
tower-28-mini-lil-softies-tinted-lip-treatment-set,TOWER 28 | Mini Lil Softies Tinted Lip Treatment Set,"<p>A lil sweet treat for your lips! This absolute favorite, cushiony tinted lip treatment delivers the intense hydration of a lip mask for instant comfort. Set includes 4 tasty flavors - 5g each:</p> <p>- Sugar Plum (sheer mauve)<br>- Watermelon Kiwi (sheer pink)<br>- Ube Vanilla (sheer burgundy)<br>- Dulce de Leche (sheer nude)</p> <p>Master dupe</p>",GlowGlamByMimi,,"","",true,Title,Default Title,,,,,,,,,0.0,,0,deny,manual,2133.00,4960.00,true,false,,,,,,https://cdn.shopify.com/s/files/1/0890/6968/2722/files/Tower28Minis.webp?v=1782382768,1,"",false,,,,kg,,,active
tower-28-mini-lil-softies-tinted-lip-treatment-set,,,,,,,,,,,,,,,,,,,,,,,,,,,,,,,,https://cdn.shopify.com/s/files/1/0890/6968/2722/files/NEW_tower28beautyMiniLilSoftiesTintedLipTreatmentSet_SoCutesy..._tower28beauty_tow_1.jpg?v=1782382766,2,"",,,,,,,,
tower-28-mini-lil-softies-tinted-lip-treatment-set,,,,,,,,,,,,,,,,,,,,,,,,,,,,,,,,https://cdn.shopify.com/s/files/1/0890/6968/2722/files/NEW_tower28beautyMiniLilSoftiesTintedLipTreatmentSet_SoCutesy..._tower28beauty_tow.jpg?v=1782382766,3,"",,,,,,,,
tower-28-mini-lil-softies-tinted-lip-treatment-set,,,,,,,,,,,,,,,,,,,,,,,,,,,,,,,,https://cdn.shopify.com/s/files/1/0890/6968/2722/files/tower28.webp?v=1782382766,4,"",,,,,,,,
dior-addict-lip-maximizer,DIOR | Addict Lip Maximizer,"<p><span>Dior Addict Lip Maximizer is the gloss that combines mirror-like shine, instant and long-lasting volume effect, and super hydration.</span></p> <p>Master Dupe.</p>",GlowGlamByMimi,,"","",true,Shade,007 Raspberry,,,,,,,,,0.0,,0,deny,manual,2391.00,5560.00,true,false,,,,,,https://cdn.shopify.com/s/files/1/0890/6968/2722/files/intense_rosewood.jpg?v=1782382766,1,"",false,,,https://cdn.shopify.com/s/files/1/0890/6968/2722/files/007RaspberryDior.webp?v=1782382765,kg,,,active
dior-addict-lip-maximizer,,,,,,,,,009 Intense Rosewood,,,,,,,,,0.0,,0,deny,manual,2391.00,5560.00,true,false,,,,,,https://cdn.shopify.com/s/files/1/0890/6968/2722/files/009IntenseRosewood.webp?v=1782382765,2,"",,,,https://cdn.shopify.com/s/files/1/0890/6968/2722/files/009IntenseRosewood.webp?v=1782382765,kg,,,
dior-addict-lip-maximizer,,,,,,,,,010 Holographic Pink,,,,,,,,,0.0,,0,deny,manual,2391.00,5560.00,true,false,,,,,,https://cdn.shopify.com/s/files/1/0890/6968/2722/files/Maximizer.webp?v=1782382765,3,"",,,,https://cdn.shopify.com/s/files/1/0890/6968/2722/files/010HolographicPinkDior.jpg?v=1782382766,kg,,,
dior-addict-lip-maximizer,,,,,,,,,015 Cherry,,,,,,,,,0.0,,0,deny,manual,2391.00,5560.00,true,false,,,,,,https://cdn.shopify.com/s/files/1/0890/6968/2722/files/diormax.jpg?v=1782382766,4,"",,,,https://cdn.shopify.com/s/files/1/0890/6968/2722/files/015CherryDior.jpg?v=1782382766,kg,,,
dior-addict-lip-maximizer,,,,,,,,,018 Intense Spice,,,,,,,,,0.0,,0,deny,manual,2391.00,5560.00,true,false,,,,,,https://cdn.shopify.com/s/files/1/0890/6968/2722/files/010HolographicPinkDior.jpg?v=1782382766,5,"",,,,https://cdn.shopify.com/s/files/1/0890/6968/2722/files/018IntenseSpiceDior.jpg?v=1782382765,kg,,,
dior-addict-lip-maximizer,,,,,,,,,,,,,,,,,,,,,,,,,,,,,,,,https://cdn.shopify.com/s/files/1/0890/6968/2722/files/007RaspberryDior.webp?v=1782382765,6,"",,,,,,,,
dior-addict-lip-maximizer,,,,,,,,,,,,,,,,,,,,,,,,,,,,,,,,https://cdn.shopify.com/s/files/1/0890/6968/2722/files/015CherryDior.jpg?v=1782382766,7,"",,,,,,,,
dior-addict-lip-maximizer,,,,,,,,,,,,,,,,,,,,,,,,,,,,,,,,https://cdn.shopify.com/s/files/1/0890/6968/2722/files/018IntenseSpiceDior.jpg?v=1782382765,8,"",,,,,,,,
nars-natural-radiant-longwear-foundation,NARS | Natural Radiant Longwear Foundation,<p><span>A foundation that stays turned on by the power of radiance with medium-to-full coverage and a natural finish.</span></p> <p><span>Master dupe.</span></p>,GlowGlamByMimi,,"","",true,Shade,Oslo - Light 1,,,,,,,,,0.0,,0,deny,manual,1703.00,3960.00,true,false,,,,,,https://cdn.shopify.com/s/files/1/0890/6968/2722/files/montblanc.webp?v=1782382765,1,"",false,,,https://cdn.shopify.com/s/files/1/0890/6968/2722/files/oslo.webp?v=1782382764,kg,,,active
nars-natural-radiant-longwear-foundation,,,,,,,,,Mont Blanc - Light 2,,,,,,,,,0.0,,0,deny,manual,1703.00,3960.00,true,false,,,,,,https://cdn.shopify.com/s/files/1/0890/6968/2722/files/shadesheetnars.webp?v=1782382764,2,"",,,,https://cdn.shopify.com/s/files/1/0890/6968/2722/files/montblanc.webp?v=1782382765,kg,,,
nars-natural-radiant-longwear-foundation,,,,,,,,,Yukon - Light 2.5,,,,,,,,,0.0,,0,deny,manual,1703.00,3960.00,true,false,,,,,,https://cdn.shopify.com/s/files/1/0890/6968/2722/files/narsswatch.webp?v=1782382765,3,"",,,,https://cdn.shopify.com/s/files/1/0890/6968/2722/files/yukon.webp?v=1782382765,kg,,,
nars-natural-radiant-longwear-foundation,,,,,,,,,Gobi - Light 3,,,,,,,,,0.0,,0,deny,manual,1703.00,3960.00,true,false,,,,,,https://cdn.shopify.com/s/files/1/0890/6968/2722/files/yukon.webp?v=1782382765,4,"",,,,https://cdn.shopify.com/s/files/1/0890/6968/2722/files/GG_Website_Images_2_36_ebdfa896-9f6b-4d35-bad1-c9e1c4fa465d.jpg?v=1782382765,kg,,,
nars-natural-radiant-longwear-foundation,,,,,,,,,Salzburg - Light 3.5,,,,,,,,,0.0,,0,deny,manual,1703.00,3960.00,true,false,,,,,,https://cdn.shopify.com/s/files/1/0890/6968/2722/files/oslo.webp?v=1782382764,5,"",,,,https://cdn.shopify.com/s/files/1/0890/6968/2722/files/GG_Website_Images_-_2026-03-28T065243.852.jpg?v=1782382765,kg,,,
nars-natural-radiant-longwear-foundation,,,,,,,,,,,,,,,,,,,,,,,,,,,,,,,,https://cdn.shopify.com/s/files/1/0890/6968/2722/files/GG_Website_Images_-_2026-03-28T065243.852.jpg?v=1782382765,6,"",,,,,,,,
nars-natural-radiant-longwear-foundation,,,,,,,,,,,,,,,,,,,,,,,,,,,,,,,,https://cdn.shopify.com/s/files/1/0890/6968/2722/files/GG_Website_Images_2_36.jpg?v=1782382765,7,"",,,,,,,,
nars-natural-radiant-longwear-foundation,,,,,,,,,,,,,,,,,,,,,,,,,,,,,,,,https://cdn.shopify.com/s/files/1/0890/6968/2722/files/GG_Website_Images_2_36_ebdfa896-9f6b-4d35-bad1-c9e1c4fa465d.jpg?v=1782382765,8,"",,,,,,,,
victorias-secret-boomshell-new-york-fragrance-mist-250-ml,Victoria's Secret | Boomshell New York Fragrance Mist - 250 ml,"<p>Victoria's Secret Bombshell New York is a floral-fruity fragrance for women, featuring a blend of star fruit (carambola) at the top, twilight jasmine and peony in the heart, and Madagascar vanilla and creamy woods at the base</p> <p>Master Dupe</p>",GlowGlamByMimi,,"","",true,Title,Default Title,,,,,,,,,0.0,,0,deny,manual,2047.00,4760.00,true,false,,,,,,https://cdn.shopify.com/s/files/1/0890/6968/2722/files/GGWebsiteImages.jpg?v=1782382764,1,"",false,,,,kg,,,active
victorias-secret-cherry-elixir-fragrance-mist-250-ml,Victoria's Secret | Cherry Elixir Fragrance Mist - 250 ml,"<p>Victoria's Secret Cherry Elixir is a dark, seductive fragrance featuring top notes of black cherry, a heart of liquid amber, and a base of warm, sensual vanilla bourbon and coconut rum.</p> <p>Master Dupe.</p>",GlowGlamByMimi,,"","",true,Title,Default Title,,,,,,,,,0.0,,0,deny,manual,2047.00,4760.00,true,false,,,,,,https://cdn.shopify.com/s/files/1/0890/6968/2722/files/GG_Website_Images_38.jpg?v=1782382763,1,"",false,,,,kg,,,active
rare-beauty-stay-vulnerable-melting-blush-5g,Rare Beauty | Stay Vulnerable Melting Blush - 5g,"<p><span>A breakthrough, mistakeproof liquid-like cream blush that melts into a second skin for the most natural-looking flush you can’t mess up.</span></p> <p><span>Master Dupe</span></p>",GlowGlamByMimi,,"","",true,Shade,Nearly Mauve,,,,,,,,,0.0,,0,deny,manual,1600.00,3720.00,true,false,,,,,,https://cdn.shopify.com/s/files/1/0890/6968/2722/files/NearlyMauve.jpg?v=1782382762,1,"",false,,,https://cdn.shopify.com/s/files/1/0890/6968/2722/files/NearlyMauve.jpg?v=1782382762,kg,,,active
rare-beauty-stay-vulnerable-melting-blush-5g,,,,,,,,,Nearly Rose,,,,,,,,,0.0,,0,deny,manual,1600.00,3720.00,true,false,,,,,,https://cdn.shopify.com/s/files/1/0890/6968/2722/files/PDP-Melting-Blush_720x_56eeb323-e8f1-46f4-8b32-621da850a0c5.webp?v=1782382762,2,"",,,,https://cdn.shopify.com/s/files/1/0890/6968/2722/files/NearlyRose.jpg?v=1782382762,kg,,,
rare-beauty-stay-vulnerable-melting-blush-5g,,,,,,,,,Nearly Berry,,,,,,,,,0.0,,0,deny,manual,1600.00,3720.00,true,false,,,,,,https://cdn.shopify.com/s/files/1/0890/6968/2722/files/NearlyApricot.jpg?v=1782382762,3,"",,,,https://cdn.shopify.com/s/files/1/0890/6968/2722/files/NearlyBerry.jpg?v=1782382762,kg,,,
rare-beauty-stay-vulnerable-melting-blush-5g,,,,,,,,,Nearly Apricot,,,,,,,,,0.0,,0,deny,manual,1600.00,3720.00,true,false,,,,,,https://cdn.shopify.com/s/files/1/0890/6968/2722/files/NearlyRose.jpg?v=1782382762,4,"",,,,https://cdn.shopify.com/s/files/1/0890/6968/2722/files/NearlyApricot.jpg?v=1782382762,kg,,,
rare-beauty-stay-vulnerable-melting-blush-5g,,,,,,,,,Nearly Neutral,,,,,,,,,0.0,,0,deny,manual,1600.00,3720.00,true,false,,,,,,https://cdn.shopify.com/s/files/1/0890/6968/2722/files/NearlyBerry.jpg?v=1782382762,5,"",,,,https://cdn.shopify.com/s/files/1/0890/6968/2722/files/NearlyNeutral.jpg?v=1782382762,kg,,,
rare-beauty-stay-vulnerable-melting-blush-5g,,,,,,,,,,,,,,,,,,,,,,,,,,,,,,,,https://cdn.shopify.com/s/files/1/0890/6968/2722/files/NearlyNeutral.jpg?v=1782382762,6,"",,,,,,,,
rare-beauty-stay-vulnerable-melting-blush-5g,,,,,,,,,,,,,,,,,,,,,,,,,,,,,,,,https://cdn.shopify.com/s/files/1/0890/6968/2722/files/Melting-Blush-Closed-SKU.webp?v=1782382762,7,"",,,,,,,,
rare-beauty-stay-vulnerable-melting-blush-5g,,,,,,,,,,,,,,,,,,,,,,,,,,,,,,,,https://cdn.shopify.com/s/files/1/0890/6968/2722/files/Rare_Melting_Blush_Swatches.jpg?v=1782382762,8,"",,,,,,,,
rare-beauty-positive-light-silky-touch-highlighter-2-8g,Rare Beauty | Positive Light Silky Touch Highlighter,"<p>An innovative powder highlighter that gives skin an instant glass-like sheen for an easy, natural-looking glow that lasts.</p> <p>Master Dupe.</p>",GlowGlamByMimi,,"","",true,shade,Enlighten,,,,,,,,,0.0,,0,deny,manual,1875.00,4360.00,true,false,,,,,,https://cdn.shopify.com/s/files/1/0890/6968/2722/files/rare_beauty_highlighter_shade_mesmerize.jpg?v=1782382761,1,"",false,,,https://cdn.shopify.com/s/files/1/0890/6968/2722/files/rare_beauty_highlighter_shade_enlighten.jpg?v=1782382761,kg,,,active
rare-beauty-positive-light-silky-touch-highlighter-2-8g,,,,,,,,,Mesmerize,,,,,,,,,0.0,,0,deny,manual,1875.00,4360.00,true,false,,,,,,https://cdn.shopify.com/s/files/1/0890/6968/2722/files/positive-light-silky-touch-highlighter-group-gc-1670249250.jpg?v=1782382761,2,"",,,,https://cdn.shopify.com/s/files/1/0890/6968/2722/files/rare_beauty_highlighter_shade_mesmerize.jpg?v=1782382761,kg,,,
rare-beauty-positive-light-silky-touch-highlighter-2-8g,,,,,,,,,Exilarate,,,,,,,,,0.0,,0,deny,manual,1875.00,4360.00,true,false,,,,,,https://cdn.shopify.com/s/files/1/0890/6968/2722/files/GG_Website_Images_7.jpg?v=1782382761,3,"",,,,https://cdn.shopify.com/s/files/1/0890/6968/2722/files/RB_Highlighter_shade_exhilarate.jpg?v=1782382761,kg,,,
rare-beauty-positive-light-silky-touch-highlighter-2-8g,,,,,,,,,Flaunt,,,,,,,,,0.0,,0,deny,manual,1875.00,4360.00,true,false,,,,,,https://cdn.shopify.com/s/files/1/0890/6968/2722/files/Rare_beauty_highlighter.jpg?v=1782382761,4,"",,,,https://cdn.shopify.com/s/files/1/0890/6968/2722/files/RB_HIGHLIGHTER_SHADE_FLAUNT.jpg?v=1782382761,kg,,,
rare-beauty-positive-light-silky-touch-highlighter-2-8g,,,,,,,,,,,,,,,,,,,,,,,,,,,,,,,,https://cdn.shopify.com/s/files/1/0890/6968/2722/files/rare_beauty_highlighter_shade_enlighten.jpg?v=1782382761,5,"",,,,,,,,
rare-beauty-positive-light-silky-touch-highlighter-2-8g,,,,,,,,,,,,,,,,,,,,,,,,,,,,,,,,https://cdn.shopify.com/s/files/1/0890/6968/2722/files/RB_HIGHLIGHTER_SHADE_FLAUNT.jpg?v=1782382761,6,"",,,,,,,,
rare-beauty-positive-light-silky-touch-highlighter-2-8g,,,,,,,,,,,,,,,,,,,,,,,,,,,,,,,,https://cdn.shopify.com/s/files/1/0890/6968/2722/files/RB_Highlighter_shade_exhilarate.jpg?v=1782382761,7,"",,,,,,,,
charlotte-tilbury-matte-revolution-lipstick-pillow-talk-3-5g,Charlotte Tilbury | Pillow Talk Matte Revolution Lipstick - Full Size,"<p>Charlotte Tilbury Pillow Talk is an iconic, universally-loved matte nude-pink lipstick designed to give lips a fuller, softer, and more youthful appearance. </p> <p>Master Dupe.</p>",GlowGlamByMimi,,"","",true,Title,Default Title,,,,,,,,,0.0,,0,deny,manual,3320.00,7720.00,true,false,,,,,,https://cdn.shopify.com/s/files/1/0890/6968/2722/files/charlotte_tilbury_pillow_talk_lipstick.jpg?v=1782382760,1,"",false,,,,kg,,,active
charlotte-tilbury-matte-revolution-lipstick-pillow-talk-3-5g,,,,,,,,,,,,,,,,,,,,,,,,,,,,,,,,https://cdn.shopify.com/s/files/1/0890/6968/2722/files/GGWebsiteImages_11.jpg?v=1782382760,2,"",,,,,,,,
charlotte-tilbury-matte-revolution-lipstick-pillow-talk-3-5g,,,,,,,,,,,,,,,,,,,,,,,,,,,,,,,,https://cdn.shopify.com/s/files/1/0890/6968/2722/files/GG_Website_Images_13.jpg?v=1782382760,3,"",,,,,,,,
charlotte-tilbury-air-brush-flawless-setting-spray-100-ml,Charlotte Tilbury | Air Brush Flawless Setting Spray - 100 ml,"<p><span>T</span>he Charlotte Tilbury setting spray is a lightweight formula designed to prime and set makeup for long hours, creating a flawless, ""airbrushed"" finish that doesn't melt, fade, or crease.</p> <p>Master Dupe. </p>",GlowGlamByMimi,,"","",true,Title,Default Title,,,,,,,,,0.0,,0,deny,manual,3939.00,9160.00,true,false,,,,,,https://cdn.shopify.com/s/files/1/0890/6968/2722/files/Charlotte_Tilbury_setting_spray.jpg?v=1782382759,1,"",false,,,,kg,,,active
charlotte-tilbury-air-brush-flawless-setting-spray-100-ml,,,,,,,,,,,,,,,,,,,,,,,,,,,,,,,,https://cdn.shopify.com/s/files/1/0890/6968/2722/files/GG_Website_Images_16_f8e361d7-ae2e-47c8-a577-89bf195ce487.jpg?v=1782382759,2,"",,,,,,,,
charlotte-tilbury-air-brush-flawless-setting-spray-100-ml,,,,,,,,,,,,,,,,,,,,,,,,,,,,,,,,https://cdn.shopify.com/s/files/1/0890/6968/2722/files/GG_Website_Images_17_f86ab6d3-5ceb-4f5b-bb8c-b3638e8514f3.jpg?v=1782382759,3,"",,,,,,,,
sheglam,Sheglam | Pout Perfect Shine Lip Plumper,"<p><span>T</span>he Sheglam lip plumper is a non-sticky, solid lip gloss stick designed to provide an instant, high-shine boost to the lips, creating a fuller and more defined pout.</p> <p>Master Dupe </p>",GlowGlamByMimi,,"","",true,shades,Hot stuff,,,,,,,,,0.0,,0,deny,manual,1187.00,2760.00,true,false,,,,,,https://cdn.shopify.com/s/files/1/0890/6968/2722/files/sheglamspringfeverlipplumper_dd000482-8dcf-44d1-9ee0-d07cba595966.jpg?v=1782382758,1,"",false,,,https://cdn.shopify.com/s/files/1/0890/6968/2722/files/sheglamhotstufflipplumper_95993bb3-6173-4a38-89e4-ac5054c5b0fd.jpg?v=1782382758,kg,,,active
sheglam,,,,,,,,,Spring fever,,,,,,,,,0.0,,0,deny,manual,1187.00,2760.00,true,false,,,,,,https://cdn.shopify.com/s/files/1/0890/6968/2722/files/sheglam-g_788aaa1c-70ce-44bc-a707-e5c571ac00f5.webp?v=1782382758,2,"",,,,https://cdn.shopify.com/s/files/1/0890/6968/2722/files/sheglamspringfeverlipplumper_dd000482-8dcf-44d1-9ee0-d07cba595966.jpg?v=1782382758,kg,,,
sheglam,,,,,,,,,Walk on the beach,,,,,,,,,0.0,,0,deny,manual,1187.00,2760.00,true,false,,,,,,https://cdn.shopify.com/s/files/1/0890/6968/2722/files/GG_Website_Images_18.jpg?v=1782382758,3,"",,,,https://cdn.shopify.com/s/files/1/0890/6968/2722/files/sheglamwalkonthebeachlipplumper_5c6a75b6-617b-4cf6-b000-b6c64c167728.jpg?v=1782382758,kg,,,
sheglam,,,,,,,,,Berry season,,,,,,,,,0.0,,0,deny,manual,1187.00,2760.00,true,false,,,,,,https://cdn.shopify.com/s/files/1/0890/6968/2722/files/GG_Website_Images_33_b58f2f92-a2e1-4d73-a030-1b77e11223c7.jpg?v=1782382758,4,"",,,,https://cdn.shopify.com/s/files/1/0890/6968/2722/files/sheglamberryseasonlipplumper_0d488883-d764-4cad-b43b-fbfe0dca17e4.jpg?v=1782382758,kg,,,
sheglam,,,,,,,,,Hot cocoa,,,,,,,,,0.0,,0,deny,manual,1187.00,2760.00,true,false,,,,,,https://cdn.shopify.com/s/files/1/0890/6968/2722/files/sheglampinkflamingolipplumper_748e4275-f6ba-4060-9bd2-6c87deba2ec3.jpg?v=1782382758,5,"",,,,https://cdn.shopify.com/s/files/1/0890/6968/2722/files/sheglamhotcocoalipplumper_e4d0f68d-ada9-4791-81ac-caf5f3e84a3d.jpg?v=1782382758,kg,,,
sheglam,,,,,,,,,First crush,,,,,,,,,0.0,,0,deny,manual,1187.00,2760.00,true,false,,,,,,https://cdn.shopify.com/s/files/1/0890/6968/2722/files/sheglamwalkonthebeachlipplumper_5c6a75b6-617b-4cf6-b000-b6c64c167728.jpg?v=1782382758,6,"",,,,https://cdn.shopify.com/s/files/1/0890/6968/2722/files/sheglamfirstcrushlipplumper_cc15f48c-c5a4-4cb2-b49c-4fa79b91e05a.jpg?v=1782382758,kg,,,
sheglam,,,,,,,,,In bloom,,,,,,,,,0.0,,0,deny,manual,1187.00,2760.00,true,false,,,,,,https://cdn.shopify.com/s/files/1/0890/6968/2722/files/sheglamsepiakisslipplumper_20a3e1f3-807b-4383-bfdd-79cc128ba72c.jpg?v=1782382758,7,"",,,,https://cdn.shopify.com/s/files/1/0890/6968/2722/files/sheglaminbloomlipplumper_599e84f6-dca0-492e-9f2f-90210de07ba2.jpg?v=1782382758,kg,,,
sheglam,,,,,,,,,Sepia kiss,,,,,,,,,0.0,,0,deny,manual,1187.00,2760.00,true,false,,,,,,https://cdn.shopify.com/s/files/1/0890/6968/2722/files/sheglaminbloomlipplumper_599e84f6-dca0-492e-9f2f-90210de07ba2.jpg?v=1782382758,8,"",,,,https://cdn.shopify.com/s/files/1/0890/6968/2722/files/sheglamsepiakisslipplumper_20a3e1f3-807b-4383-bfdd-79cc128ba72c.jpg?v=1782382758,kg,,,
sheglam,,,,,,,,,Makin' me blush,,,,,,,,,0.0,,0,deny,manual,1187.00,2760.00,true,false,,,,,,https://cdn.shopify.com/s/files/1/0890/6968/2722/files/sheglamhotstufflipplumper_95993bb3-6173-4a38-89e4-ac5054c5b0fd.jpg?v=1782382758,9,"",,,,https://cdn.shopify.com/s/files/1/0890/6968/2722/files/sheglammakinmeblushlipplumper_bee33a58-9707-45c0-8dc2-0231cce4e104.jpg?v=1782382758,kg,,,
sheglam,,,,,,,,,Peechy keen,,,,,,,,,0.0,,0,deny,manual,1187.00,2760.00,true,false,,,,,,https://cdn.shopify.com/s/files/1/0890/6968/2722/files/sheglamhotcocoalipplumper_e4d0f68d-ada9-4791-81ac-caf5f3e84a3d.jpg?v=1782382758,10,"",,,,https://cdn.shopify.com/s/files/1/0890/6968/2722/files/sheglampeechykeenlipplumper_492411bc-be8f-47d5-aa49-eb051729c6da.jpg?v=1782382758,kg,,,
sheglam,,,,,,,,,Mahogany magic,,,,,,,,,0.0,,0,deny,manual,1187.00,2760.00,true,false,,,,,,https://cdn.shopify.com/s/files/1/0890/6968/2722/files/sheglamfirstcrushlipplumper_cc15f48c-c5a4-4cb2-b49c-4fa79b91e05a.jpg?v=1782382758,11,"",,,,https://cdn.shopify.com/s/files/1/0890/6968/2722/files/sheglammahoganimagiclipplumper_7927159f-a9a7-499c-a349-fde38c0d98b1.jpg?v=1782382758,kg,,,
sheglam,,,,,,,,,Pink flamingo,,,,,,,,,0.0,,0,deny,manual,1187.00,2760.00,true,false,,,,,,https://cdn.shopify.com/s/files/1/0890/6968/2722/files/sheglampeechykeenlipplumper_492411bc-be8f-47d5-aa49-eb051729c6da.jpg?v=1782382758,12,"",,,,https://cdn.shopify.com/s/files/1/0890/6968/2722/files/sheglampinkflamingolipplumper_748e4275-f6ba-4060-9bd2-6c87deba2ec3.jpg?v=1782382758,kg,,,
sheglam,,,,,,,,,,,,,,,,,,,,,,,,,,,,,,,,https://cdn.shopify.com/s/files/1/0890/6968/2722/files/sheglamberryseasonlipplumper_0d488883-d764-4cad-b43b-fbfe0dca17e4.jpg?v=1782382758,13,"",,,,,,,,
sheglam,,,,,,,,,,,,,,,,,,,,,,,,,,,,,,,,https://cdn.shopify.com/s/files/1/0890/6968/2722/files/sheglammahoganimagiclipplumper_7927159f-a9a7-499c-a349-fde38c0d98b1.jpg?v=1782382758,14,"",,,,,,,,
sheglam,,,,,,,,,,,,,,,,,,,,,,,,,,,,,,,,https://cdn.shopify.com/s/files/1/0890/6968/2722/files/sheglammakinmeblushlipplumper_bee33a58-9707-45c0-8dc2-0231cce4e104.jpg?v=1782382758,15,"",,,,,,,,
summer-friday-holiday-lip-butter-balm-set,Summer Fridays | Holiday Lip Butter Balm Set,"<p>The Summer Friday Lip Butter Balm Set is a limited-edition collection of vegan lip balms designed to hydrate and soothe dry lips, offering a smooth, buttery texture with a hint of flavor and shine. </p> <p>Master dupe.</p>",GlowGlamByMimi,,"","",true,Title,Default Title,,,,,,,,,0.0,,0,deny,manual,3079.00,7160.00,true,false,,,,,,https://cdn.shopify.com/s/files/1/0890/6968/2722/files/UK200051422_SUMMER_FRI.jpg?v=1782382757,1,"",false,,,,kg,,,active
summer-friday-holiday-lip-butter-balm-set,,,,,,,,,,,,,,,,,,,,,,,,,,,,,,,,https://cdn.shopify.com/s/files/1/0890/6968/2722/files/GG_Website_Images_26.jpg?v=1782382757,2,"",,,,,,,,
summer-friday-holiday-lip-butter-balm-set,,,,,,,,,,,,,,,,,,,,,,,,,,,,,,,,https://cdn.shopify.com/s/files/1/0890/6968/2722/files/GGWebsiteImages_25_422c8ca2-83e2-4ff1-b693-f5f9d6b76089.jpg?v=1782382757,3,"",,,,,,,,
summer-friday-holiday-lip-butter-balm-set,,,,,,,,,,,,,,,,,,,,,,,,,,,,,,,,https://cdn.shopify.com/s/files/1/0890/6968/2722/files/GGWebsiteImages_30_5ae5f421-11ad-4ca6-9b23-b8d172921bfb.jpg?v=1782382757,4,"",,,,,,,,
victorias-secret-boomshell-oud-50ml,Victoria's Secret | Bombshell Oud Eau de Parfum - 100ml,"<p>Victoria's Secret Bombshell Oud is a luxurious Amber Floral fragrance for women, blending spicy saffron and bright mandarin with a heart of sueded peony and a rich, smoky oud base.</p> <p>Master Dupe.</p>",GlowGlamByMimi,,"","",true,Title,Default Title,,,,,,,,,0.0,,0,deny,manual,4283.00,9960.00,true,false,,,,,,https://cdn.shopify.com/s/files/1/0890/6968/2722/files/GGWebsiteImages_39.jpg?v=1782382756,1,"",false,,,,kg,,,active
dior-jadore-eau-de-parfum-100-ml,DIOR | J'adore Eau de Parfum - 100 ml,"<p><span data-huuid=""17173686034799190778"">J'adore by Dior is an iconic, timeless floral fragrance for women, celebrated for its perfectly balanced bouquet that evokes a single, magnificent imaginary flower. </span><span data-huuid=""17173686034799190753"">The scent features a harmonious blend of solar ylang-ylang, Damascus rose, and a duo of jasmine grandiflorum and jasmine sambac, creating an elegant and sensual floral essence with touches of fruity and fresh notes.<span data-cid=""2ffa5868-15bf-464c-ae13-ec03c2bd0539""> </span></span></p> <p><span data-huuid=""17173686034799190753"">Master Dupe.</span></p>",GlowGlamByMimi,,"","",true,Title,Default Title,,,,,,,,,0.0,,0,deny,manual,4283.00,9960.00,true,false,,,,,,https://cdn.shopify.com/s/files/1/0890/6968/2722/files/GGWebsiteImages_38.jpg?v=1782382755,1,"",false,,,,kg,,,active
chanel,CHANEL | No. 5 Eau de Parfum - 100ml,"<p>Chanel No. 5 Eau de Parfum is a timeless, complex, and sensual floral-aldehyde fragrance known for its abstract, structured scent and iconic minimalist design, featuring bright aldehydic top notes, a rich heart of May rose and jasmine, and a warm, powdery base of vanilla, sandalwood, and vetiver.</p>",GlowGlamByMimi,,"","",true,Title,Default Title,,,,,,,,,0.0,,0,deny,manual,4283.00,9960.00,true,false,,,,,,https://cdn.shopify.com/s/files/1/0890/6968/2722/files/GGWebsiteImages_40.jpg?v=1782382755,1,"",false,,,,kg,,,active
versace-bright-crystal-90ml,Versace | Bright Crystal - 90ml,"<p><span data-huuid=""16569249308412324755"">Versace Bright Crystal is a fresh, floral-fruity, and musky perfume for women. </span><span data-huuid=""16569249308412323350"">It features top notes of juicy pomegranate, tangy yuzu, and frosted accord, a heart of feminine peony, magnolia, and watery lotus flower, and a warm base of musk, mahogany, and amber. </span><span data-huuid=""16569249308412321945"">The scent is light, luminous, and sensual, ideal for everyday wear, especially in warmer seasons. </span><span data-huuid=""16569249308412323231""><span data-cid=""52010125-0614-4bd8-802f-d6bf9ca4d2ba""> </span></span></p> <p><span data-huuid=""16569249308412323231""><span data-cid=""52010125-0614-4bd8-802f-d6bf9ca4d2ba"">Master Dupe.</span></span></p>",GlowGlamByMimi,,"","",true,Title,Default Title,,,,,,,,,0.0,,0,deny,manual,4283.00,9960.00,true,false,,,,,,https://cdn.shopify.com/s/files/1/0890/6968/2722/files/GGWebsiteImages_41.jpg?v=1782382754,1,"",false,,,,kg,,,active
chanel-coco-mademoiselle-100ml,CHANEL | Coco Mademoiselle Eau de Parfum - 100ml,"<p>Chanel Coco Mademoiselle is  a fresh, feminine, and ambery fragrance that embodies a spirited and independent dual personality through its fresh, floral, and woody scent notes.</p> <p>Master Dupe.</p>",GlowGlamByMimi,,"","",true,Title,Default Title,,,,,,,,,0.0,,0,deny,manual,4283.00,9960.00,true,false,,,,,,https://cdn.shopify.com/s/files/1/0890/6968/2722/files/GGWebsiteImages_42.jpg?v=1782382753,1,"",false,,,,kg,,,active
elf-halo-glow-liquid-filter-31-5ml,ELF | Halo Glow Liquid Filter - 31.5ml,"<p>The e.l.f. Halo Glow Liquid Filter is a multi-purpose, liquid complexion booster that creates a soft-focus, dewy, and radiant finish.</p> <p>Master Dupe.</p>",GlowGlamByMimi,,"","",true,shade,1 fair,,,,,,,,,0.0,,0,deny,manual,2391.00,5560.00,true,false,,,,,,https://cdn.shopify.com/s/files/1/0890/6968/2722/files/2fairlight.jpg?v=1782382752,1,"",false,,,,kg,,,active
elf-halo-glow-liquid-filter-31-5ml,,,,,,,,,2 fair / light,,,,,,,,,0.0,,0,deny,manual,2391.00,5560.00,true,false,,,,,,https://cdn.shopify.com/s/files/1/0890/6968/2722/files/GGWebsiteImages_45.jpg?v=1782382752,2,"",,,,,kg,,,
elf-halo-glow-liquid-filter-31-5ml,,,,,,,,,3 light / medium,,,,,,,,,0.0,,0,deny,manual,2391.00,5560.00,true,false,,,,,,https://cdn.shopify.com/s/files/1/0890/6968/2722/files/GG_Website_Images_49.jpg?v=1782382752,3,"",,,,,kg,,,
elf-halo-glow-liquid-filter-31-5ml,,,,,,,,,,,,,,,,,,,,,,,,,,,,,,,,https://cdn.shopify.com/s/files/1/0890/6968/2722/files/GG_Website_Images_50.jpg?v=1782382752,4,"",,,,,,,,
elf-halo-glow-liquid-filter-31-5ml,,,,,,,,,,,,,,,,,,,,,,,,,,,,,,,,https://cdn.shopify.com/s/files/1/0890/6968/2722/files/GG_Website_Images_46.jpg?v=1782382752,5,"",,,,,,,,
sheglam-buttery-bliss-blush-stick,Sheglam | Buttery Bliss Blush Stick,"<p>The Sheglam Buttery Bliss Blush is a cream blush stick with a ""buttery,"" silky texture that glides on smoothly to create a natural, dewy, and radiant glow.</p> <p>Master Dupe.</p>",GlowGlamByMimi,,"","",true,shade,Love Cake,,,,,,,,,0.0,,0,deny,manual,1273.00,2960.00,true,false,,,,,,https://cdn.shopify.com/s/files/1/0890/6968/2722/files/lovecake_78632c26-2f37-4c8e-a446-abc909a6db1f.jpg?v=1782382751,1,"",false,,,https://cdn.shopify.com/s/files/1/0890/6968/2722/files/lovecake_78632c26-2f37-4c8e-a446-abc909a6db1f.jpg?v=1782382751,kg,,,active
sheglam-buttery-bliss-blush-stick,,,,,,,,,Rose Ritual,,,,,,,,,0.0,,0,deny,manual,1273.00,2960.00,true,false,,,,,,https://cdn.shopify.com/s/files/1/0890/6968/2722/files/GGWebsiteImages_51_f0240865-2897-40d3-a078-14bdf511d38b.jpg?v=1782382751,2,"",,,,https://cdn.shopify.com/s/files/1/0890/6968/2722/files/roseritual_8fefa6e7-d8f6-44b3-b6b1-9cd4857647a9.jpg?v=1782382751,kg,,,
sheglam-buttery-bliss-blush-stick,,,,,,,,,Guava Juice,,,,,,,,,0.0,,0,deny,manual,1273.00,2960.00,true,false,,,,,,https://cdn.shopify.com/s/files/1/0890/6968/2722/files/roseritual_8fefa6e7-d8f6-44b3-b6b1-9cd4857647a9.jpg?v=1782382751,3,"",,,,https://cdn.shopify.com/s/files/1/0890/6968/2722/files/guavajuice_1d4cf880-11c7-463c-b6cf-219cca20d73d.jpg?v=1782382751,kg,,,
sheglam-buttery-bliss-blush-stick,,,,,,,,,Hush Hush,,,,,,,,,0.0,,0,deny,manual,1273.00,2960.00,true,false,,,,,,https://cdn.shopify.com/s/files/1/0890/6968/2722/files/mulledwine_3559619e-0d8c-4f5c-9d8c-f439f0f5fa35.jpg?v=1782382751,4,"",,,,https://cdn.shopify.com/s/files/1/0890/6968/2722/files/hushhush_b88dc231-d601-4848-aadc-29e5876c2029.jpg?v=1782382751,kg,,,
sheglam-buttery-bliss-blush-stick,,,,,,,,,Mulled Wine,,,,,,,,,0.0,,0,deny,manual,1273.00,2960.00,true,false,,,,,,https://cdn.shopify.com/s/files/1/0890/6968/2722/files/guavajuice_1d4cf880-11c7-463c-b6cf-219cca20d73d.jpg?v=1782382751,5,"",,,,https://cdn.shopify.com/s/files/1/0890/6968/2722/files/mulledwine_3559619e-0d8c-4f5c-9d8c-f439f0f5fa35.jpg?v=1782382751,kg,,,
sheglam-buttery-bliss-blush-stick,,,,,,,,,Painted Peony,,,,,,,,,0.0,,0,deny,manual,1273.00,2960.00,true,false,,,,,,https://cdn.shopify.com/s/files/1/0890/6968/2722/files/paintedpeony_9713091b-5bc7-48ed-bda5-0d169557a50f.jpg?v=1782382751,6,"",,,,https://cdn.shopify.com/s/files/1/0890/6968/2722/files/paintedpeony_9713091b-5bc7-48ed-bda5-0d169557a50f.jpg?v=1782382751,kg,,,
sheglam-buttery-bliss-blush-stick,,,,,,,,,Chestnut flush,,,,,,,,,0.0,,0,deny,manual,1273.00,2960.00,true,false,,,,,,https://cdn.shopify.com/s/files/1/0890/6968/2722/files/hushhush_b88dc231-d601-4848-aadc-29e5876c2029.jpg?v=1782382751,7,"",,,,https://cdn.shopify.com/s/files/1/0890/6968/2722/files/GG_Website_Images_79_592623aa-0466-47a8-9bb5-974dcd04918c.jpg?v=1782382751,kg,,,
sheglam-buttery-bliss-blush-stick,,,,,,,,,,,,,,,,,,,,,,,,,,,,,,,,https://cdn.shopify.com/s/files/1/0890/6968/2722/files/GGWebsiteImages_56.jpg?v=1782382752,8,"",,,,,,,,
sheglam-buttery-bliss-blush-stick,,,,,,,,,,,,,,,,,,,,,,,,,,,,,,,,https://cdn.shopify.com/s/files/1/0890/6968/2722/files/GGWebsiteImages_55.jpg?v=1782382751,9,"",,,,,,,,
sheglam-buttery-bliss-blush-stick,,,,,,,,,,,,,,,,,,,,,,,,,,,,,,,,https://cdn.shopify.com/s/files/1/0890/6968/2722/files/GGWebsiteImages_54.jpg?v=1782382752,10,"",,,,,,,,
sheglam-buttery-bliss-blush-stick,,,,,,,,,,,,,,,,,,,,,,,,,,,,,,,,https://cdn.shopify.com/s/files/1/0890/6968/2722/files/GGWebsiteImages_53.jpg?v=1782382752,11,"",,,,,,,,
sheglam-buttery-bliss-blush-stick,,,,,,,,,,,,,,,,,,,,,,,,,,,,,,,,https://cdn.shopify.com/s/files/1/0890/6968/2722/files/GGWebsiteImages_52_9e297438-1eaa-4f2b-b587-03a6284dc82d.jpg?v=1782382752,12,"",,,,,,,,
sheglam-buttery-bliss-blush-stick,,,,,,,,,,,,,,,,,,,,,,,,,,,,,,,,https://cdn.shopify.com/s/files/1/0890/6968/2722/files/GG_Website_Images_79.jpg?v=1782382751,13,"",,,,,,,,
sheglam-buttery-bliss-blush-stick,,,,,,,,,,,,,,,,,,,,,,,,,,,,,,,,https://cdn.shopify.com/s/files/1/0890/6968/2722/files/GG_Website_Images_79_592623aa-0466-47a8-9bb5-974dcd04918c.jpg?v=1782382751,14,"",,,,,,,,
hudamoji-icy-nude-eyeshadow-palette,Hudamoji | Icy Nude Eyeshadow Palette,"<p>The Huda Beauty Icy Nude eyeshadow palette features 18 cool-toned shades with a mix of matte, shimmer, and metallic finishes, designed to create ""icy"" and neutral looks.</p> <p> </p>",GlowGlamByMimi,,"","",true,Title,Default Title,,,,,,,,,0.0,,0,deny,manual,1531.00,3560.00,true,false,,,,,,https://cdn.shopify.com/s/files/1/0890/6968/2722/files/GGWebsiteImages_60.jpg?v=1782382750,1,"",false,,,,kg,,,active
hudamoji-icy-nude-eyeshadow-palette,,,,,,,,,,,,,,,,,,,,,,,,,,,,,,,,https://cdn.shopify.com/s/files/1/0890/6968/2722/files/GG_Website_Images_62.jpg?v=1782382750,2,"",,,,,,,,
hudamoji-icy-nude-eyeshadow-palette,,,,,,,,,,,,,,,,,,,,,,,,,,,,,,,,https://cdn.shopify.com/s/files/1/0890/6968/2722/files/GG_Website_Images_61.jpg?v=1782382750,3,"",,,,,,,,
hudamoji-icy-nude-eyeshadow-palette,,,,,,,,,,,,,,,,,,,,,,,,,,,,,,,,https://cdn.shopify.com/s/files/1/0890/6968/2722/files/GG_Website_Images_63.jpg?v=1782382750,4,"",,,,,,,,
rare-beauty-true-to-myself-tinted-pressed-finishing-powder,RARE BEAUTY | Pressed Finishing Powder,"<p>The Rare Beauty Tinted Pressed Finishing Powder is a weightless, talc-free powder designed to blur imperfections, control shine, and set makeup with a soft-focus, natural finish. </p> <p>Master Dupe.</p>",GlowGlamByMimi,,"","",true,shades,Procelain,,,,,,,,,0.0,,0,deny,manual,1875.00,4360.00,true,false,,,,,,https://cdn.shopify.com/s/files/1/0890/6968/2722/files/procelain.jpg?v=1782382750,1,"",false,,,https://cdn.shopify.com/s/files/1/0890/6968/2722/files/procelain.jpg?v=1782382750,kg,,,active
rare-beauty-true-to-myself-tinted-pressed-finishing-powder,,,,,,,,,Natural,,,,,,,,,0.0,,0,deny,manual,1875.00,4360.00,true,false,,,,,,https://cdn.shopify.com/s/files/1/0890/6968/2722/files/GGWebsiteImages_71.jpg?v=1782382750,2,"",,,,https://cdn.shopify.com/s/files/1/0890/6968/2722/files/natural.jpg?v=1782382749,kg,,,
rare-beauty-true-to-myself-tinted-pressed-finishing-powder,,,,,,,,,Ivory,,,,,,,,,0.0,,0,deny,manual,1875.00,4360.00,true,false,,,,,,https://cdn.shopify.com/s/files/1/0890/6968/2722/files/natural.jpg?v=1782382749,3,"",,,,https://cdn.shopify.com/s/files/1/0890/6968/2722/files/ivory.jpg?v=1782382749,kg,,,
rare-beauty-true-to-myself-tinted-pressed-finishing-powder,,,,,,,,,,,,,,,,,,,,,,,,,,,,,,,,https://cdn.shopify.com/s/files/1/0890/6968/2722/files/ivory.jpg?v=1782382749,4,"",,,,,,,,
rare-beauty-true-to-myself-tinted-pressed-finishing-powder,,,,,,,,,,,,,,,,,,,,,,,,,,,,,,,,https://cdn.shopify.com/s/files/1/0890/6968/2722/files/GGWebsiteImages_72.jpg?v=1782382750,5,"",,,,,,,,
tfit-cover-up-pro-concealer-15g,TFIT | Cover up Pro Concealer - 15g,"<p>TFIT concealer is a Korean brand known for its viral, creamy, and long-lasting formula that provides medium to full, waterproof, and sweatproof coverage.</p> <p>Master Dupe.</p>",GlowGlamByMimi,,"","",true,Title,Default Title,,,,,,,,,0.0,,0,deny,manual,1600.00,3720.00,true,false,,,,,,https://cdn.shopify.com/s/files/1/0890/6968/2722/files/GGWebsiteImages_75.jpg?v=1782382749,1,"",false,,,,kg,,,active
tfit-cover-up-pro-concealer-15g,,,,,,,,,,,,,,,,,,,,,,,,,,,,,,,,https://cdn.shopify.com/s/files/1/0890/6968/2722/files/GGWebsiteImages_76.jpg?v=1782382749,2,"",,,,,,,,
tfit-cover-up-pro-concealer-15g,,,,,,,,,,,,,,,,,,,,,,,,,,,,,,,,https://cdn.shopify.com/s/files/1/0890/6968/2722/files/GGWebsiteImages_78.jpg?v=1782382748,3,"",,,,,,,,
tfit-cover-up-pro-concealer-15g,,,,,,,,,,,,,,,,,,,,,,,,,,,,,,,,https://cdn.shopify.com/s/files/1/0890/6968/2722/files/GGWebsiteImages_77.jpg?v=1782382749,4,"",,,,,,,,
minimal-lip-duo-2-products-1,Minimal Lip Duo - 2 products,<p>Minimal Lip Duo Includes:</p> <ul> <li>Rhode Peptide Lip Tint </li> <li>Rhode Peptide Lip Shape </li> </ul>,GlowGlamByMimi,,"","",true,Title,Default Title,,,,,,,,,0.0,,0,deny,manual,1531.00,3560.00,true,false,,,,,,https://cdn.shopify.com/s/files/1/0890/6968/2722/files/GGWebsiteImages_94.jpg?v=1782382748,1,"",false,,,,kg,,,active
kiko-double-touch-gloss,KIKO | Double Touch Gloss,"<p>The KIKO Unlimited Double Touch is a two-step liquid lipstick that provides a combination of intense, and a bright, radiant finish.   </p> <p>This product is a dupe and KIKO logo is on the transparent gloss side.</p> <p> </p>",GlowGlamByMimi,,"","",true,shades,103,,,,,,,,,0.0,,0,deny,manual,1531.00,3560.00,true,false,,,,,,https://cdn.shopify.com/s/files/1/0890/6968/2722/files/IMG-4907.png?v=1782382747,1,"",false,,,https://cdn.shopify.com/s/files/1/0890/6968/2722/files/546547DB-C3FF-438D-AB89-C4F93E43EBCF.png?v=1782382747,kg,,,active
kiko-double-touch-gloss,,,,,,,,,106,,,,,,,,,0.0,,0,deny,manual,1531.00,3560.00,true,false,,,,,,https://cdn.shopify.com/s/files/1/0890/6968/2722/files/images.jpg?v=1782382747,2,"",,,,https://cdn.shopify.com/s/files/1/0890/6968/2722/files/IMG-4902.png?v=1782382747,kg,,,
kiko-double-touch-gloss,,,,,,,,,107,,,,,,,,,0.0,,0,deny,manual,1531.00,3560.00,true,false,,,,,,https://cdn.shopify.com/s/files/1/0890/6968/2722/files/swatches.jpg?v=1782382747,3,"",,,,https://cdn.shopify.com/s/files/1/0890/6968/2722/files/IMG-4903.png?v=1782382747,kg,,,
kiko-double-touch-gloss,,,,,,,,,108,,,,,,,,,0.0,,0,deny,manual,1531.00,3560.00,true,false,,,,,,https://cdn.shopify.com/s/files/1/0890/6968/2722/files/546547DB-C3FF-438D-AB89-C4F93E43EBCF.png?v=1782382747,4,"",,,,https://cdn.shopify.com/s/files/1/0890/6968/2722/files/IMG-4904.png?v=1782382747,kg,,,
kiko-double-touch-gloss,,,,,,,,,110,,,,,,,,,0.0,,0,deny,manual,1531.00,3560.00,true,false,,,,,,https://cdn.shopify.com/s/files/1/0890/6968/2722/files/IMG-4902.png?v=1782382747,5,"",,,,https://cdn.shopify.com/s/files/1/0890/6968/2722/files/IMG-4905.png?v=1782382747,kg,,,
kiko-double-touch-gloss,,,,,,,,,114,,,,,,,,,0.0,,0,deny,manual,1531.00,3560.00,true,false,,,,,,https://cdn.shopify.com/s/files/1/0890/6968/2722/files/IMG-4903.png?v=1782382747,6,"",,,,https://cdn.shopify.com/s/files/1/0890/6968/2722/files/IMG-4906.png?v=1782382747,kg,,,
kiko-double-touch-gloss,,,,,,,,,121,,,,,,,,,0.0,,0,deny,manual,1531.00,3560.00,true,false,,,,,,https://cdn.shopify.com/s/files/1/0890/6968/2722/files/IMG-4904.png?v=1782382747,7,"",,,,https://cdn.shopify.com/s/files/1/0890/6968/2722/files/IMG-4907.png?v=1782382747,kg,,,
kiko-double-touch-gloss,,,,,,,,,123,,,,,,,,,0.0,,0,deny,manual,1531.00,3560.00,true,false,,,,,,https://cdn.shopify.com/s/files/1/0890/6968/2722/files/IMG-4905.png?v=1782382747,8,"",,,,https://cdn.shopify.com/s/files/1/0890/6968/2722/files/IMG-4908.png?v=1782382747,kg,,,
kiko-double-touch-gloss,,,,,,,,,126,,,,,,,,,0.0,,0,deny,manual,1531.00,3560.00,true,false,,,,,,https://cdn.shopify.com/s/files/1/0890/6968/2722/files/IMG-4906.png?v=1782382747,9,"",,,,https://cdn.shopify.com/s/files/1/0890/6968/2722/files/IMG-4909.png?v=1782382747,kg,,,
kiko-double-touch-gloss,,,,,,,,,127,,,,,,,,,0.0,,0,deny,manual,1531.00,3560.00,true,false,,,,,,https://cdn.shopify.com/s/files/1/0890/6968/2722/files/IMG-4908.png?v=1782382747,10,"",,,,https://cdn.shopify.com/s/files/1/0890/6968/2722/files/IMG-4909.png?v=1782382747,kg,,,
kiko-double-touch-gloss,,,,,,,,,128,,,,,,,,,0.0,,0,deny,manual,1531.00,3560.00,true,false,,,,,,https://cdn.shopify.com/s/files/1/0890/6968/2722/files/IMG-4909.png?v=1782382747,11,"",,,,https://cdn.shopify.com/s/files/1/0890/6968/2722/files/IMG-4911.png?v=1782382747,kg,,,
kiko-double-touch-gloss,,,,,,,,,129,,,,,,,,,0.0,,0,deny,manual,1531.00,3560.00,true,false,,,,,,https://cdn.shopify.com/s/files/1/0890/6968/2722/files/IMG-4911.png?v=1782382747,12,"",,,,https://cdn.shopify.com/s/files/1/0890/6968/2722/files/IMG-4912.png?v=1782382747,kg,,,
kiko-double-touch-gloss,,,,,,,,,,,,,,,,,,,,,,,,,,,,,,,,https://cdn.shopify.com/s/files/1/0890/6968/2722/files/IMG-4912.png?v=1782382747,13,"",,,,,,,,
charlotte-tilbury-pillow-talk-beauty-soulmates-face-palette,Charlotte Tilbury | Pillow Talk Beauty Soulmates Face Palette,"<p>The charlotte tilbury pillow talk beauty soulmates face palette is a heart-shaped, two-tone compact featuring a pigmented, buildable blush paired with a smoothing finishing powder.</p> <p>Master Dupe.</p>",GlowGlamByMimi,,"","",true,Title,Default Title,,,,,,,,,0.0,,0,deny,manual,3939.00,9160.00,true,false,,,,,,https://cdn.shopify.com/s/files/1/0890/6968/2722/files/GGWebsiteImages_97.jpg?v=1782382746,1,"",false,,,,kg,,,active
charlotte-tilbury-pillow-talk-beauty-soulmates-face-palette,,,,,,,,,,,,,,,,,,,,,,,,,,,,,,,,https://cdn.shopify.com/s/files/1/0890/6968/2722/files/GGWebsiteImages_99.jpg?v=1782382746,2,"",,,,,,,,
charlotte-tilbury-pillow-talk-beauty-soulmates-face-palette,,,,,,,,,,,,,,,,,,,,,,,,,,,,,,,,https://cdn.shopify.com/s/files/1/0890/6968/2722/files/GGWebsiteImages_98.jpg?v=1782382746,3,"",,,,,,,,
charlotte-tilbury-pillow-talk-beauty-soulmates-face-palette,,,,,,,,,,,,,,,,,,,,,,,,,,,,,,,,https://cdn.shopify.com/s/files/1/0890/6968/2722/files/GG_Website_Images_-_2026-01-04T145232.892.jpg?v=1782382746,4,"",,,,,,,,
charlotte-tilbury-pillow-talk-beauty-soulmates-face-palette,,,,,,,,,,,,,,,,,,,,,,,,,,,,,,,,https://cdn.shopify.com/s/files/1/0890/6968/2722/files/GG_Website_Images_-_2026-01-04T144948.429.jpg?v=1782382746,5,"",,,,,,,,
sheglam-pore-no-more-primer,Sheglam | Pore No More Primer,"<p><span data-processed=""true"">Sheglam Pore No More Primer </span>is a lightweight, budget-friendly face primer designed to blur pores, fine lines, and imperfections for a smooth, matte, airbrushed finish.</p> <p>Master Dupe.</p>",GlowGlamByMimi,,"","",true,Title,Default Title,,,,,,,,,0.0,,0,deny,manual,1187.00,2760.00,true,false,,,,,,https://cdn.shopify.com/s/files/1/0890/6968/2722/files/GGWebsiteImages-2026-01-04T131922.286.jpg?v=1782382745,1,"",false,,,,kg,,,active
sheglam-pore-no-more-primer,,,,,,,,,,,,,,,,,,,,,,,,,,,,,,,,https://cdn.shopify.com/s/files/1/0890/6968/2722/files/GG_Website_Images_-_2026-01-04T132401.043.jpg?v=1782382745,2,"",,,,,,,,
huda-beauty-blush-filter-liquid-blush,HUDA BEAUTY | Blush Filter Liquid Blush,"<p>Huda Beauty Blush Filter is a lightweight, buildable liquid blush designed for a soft-focus, airbrushed, and radiant finish.</p> <p>Master Dupe.</p>",GlowGlamByMimi,,"","",true,shade,Strawberry Cream,,,,,,,,,0.0,,0,deny,manual,2563.00,5960.00,true,false,,,,,,https://cdn.shopify.com/s/files/1/0890/6968/2722/files/GG_Website_Images_-_2026-02-14T172915.871.jpg?v=1782382744,1,"",false,,,https://cdn.shopify.com/s/files/1/0890/6968/2722/files/GG_Website_Images_-_2026-02-14T172915.871.jpg?v=1782382744,kg,,,active
huda-beauty-blush-filter-liquid-blush,,,,,,,,,Cotton Candy,,,,,,,,,0.0,,0,deny,manual,2563.00,5960.00,true,false,,,,,,https://cdn.shopify.com/s/files/1/0890/6968/2722/files/GGWebsiteImages-2026-01-21T163635.280.jpg?v=1782382744,2,"",,,,https://cdn.shopify.com/s/files/1/0890/6968/2722/files/cottoncandy.jpg?v=1782382744,kg,,,
huda-beauty-blush-filter-liquid-blush,,,,,,,,,Bubble Gum,,,,,,,,,0.0,,0,deny,manual,2563.00,5960.00,true,false,,,,,,https://cdn.shopify.com/s/files/1/0890/6968/2722/files/GGWebsiteImages-2026-01-21T163534.645.jpg?v=1782382744,3,"",,,,https://cdn.shopify.com/s/files/1/0890/6968/2722/files/bubblegum.jpg?v=1782382744,kg,,,
huda-beauty-blush-filter-liquid-blush,,,,,,,,,Ube Cream,,,,,,,,,0.0,,0,deny,manual,2563.00,5960.00,true,false,,,,,,https://cdn.shopify.com/s/files/1/0890/6968/2722/files/cottoncandy.jpg?v=1782382744,4,"",,,,https://cdn.shopify.com/s/files/1/0890/6968/2722/files/ubecream.jpg?v=1782382744,kg,,,
huda-beauty-blush-filter-liquid-blush,,,,,,,,,Intense Guava,,,,,,,,,0.0,,0,deny,manual,2563.00,5960.00,true,false,,,,,,https://cdn.shopify.com/s/files/1/0890/6968/2722/files/bubblegum.jpg?v=1782382744,5,"",,,,https://cdn.shopify.com/s/files/1/0890/6968/2722/files/intenseguava.jpg?v=1782382744,kg,,,
huda-beauty-blush-filter-liquid-blush,,,,,,,,,Sunset Lychee,,,,,,,,,0.0,,0,deny,manual,2563.00,5960.00,true,false,,,,,,https://cdn.shopify.com/s/files/1/0890/6968/2722/files/ubecream.jpg?v=1782382744,6,"",,,,https://cdn.shopify.com/s/files/1/0890/6968/2722/files/sunsetlychee.jpg?v=1782382744,kg,,,
huda-beauty-blush-filter-liquid-blush,,,,,,,,,,,,,,,,,,,,,,,,,,,,,,,,https://cdn.shopify.com/s/files/1/0890/6968/2722/files/intenseguava.jpg?v=1782382744,7,"",,,,,,,,
huda-beauty-blush-filter-liquid-blush,,,,,,,,,,,,,,,,,,,,,,,,,,,,,,,,https://cdn.shopify.com/s/files/1/0890/6968/2722/files/sunsetlychee.jpg?v=1782382744,8,"",,,,,,,,
nars-mini-radiant-creamy-concealer-1-4ml,NARS | Mini Radiant Creamy Concealer -1.4ml,"<p>The NARS Mini Radiant Creamy Concealer is a travel-sized, multi-tasking formula known for its buildable, creamy texture that provides medium-to-full coverage with a natural, radiant finish, effectively hiding dark circles, blemishes, and redness while blurring lines.</p> <p>Master Dupe.</p>",GlowGlamByMimi,,"","",false,shades,Honey,,,,,,,,,0.0,,0,deny,manual,1703.00,3960.00,true,false,,,,,,https://cdn.shopify.com/s/files/1/0890/6968/2722/files/honey.jpg?v=1782382743,1,"",false,,,https://cdn.shopify.com/s/files/1/0890/6968/2722/files/honey.jpg?v=1782382743,kg,,,draft
nars-mini-radiant-creamy-concealer-1-4ml,,,,,,,,,Custard,,,,,,,,,0.0,,0,deny,manual,1703.00,3960.00,true,false,,,,,,https://cdn.shopify.com/s/files/1/0890/6968/2722/files/GG_Website_Images_-_2026-01-22T083347.577.jpg?v=1782382743,2,"",,,,https://cdn.shopify.com/s/files/1/0890/6968/2722/files/custard.jpg?v=1782382743,kg,,,
nars-mini-radiant-creamy-concealer-1-4ml,,,,,,,,,Vanilla,,,,,,,,,0.0,,0,deny,manual,1703.00,3960.00,true,false,,,,,,https://cdn.shopify.com/s/files/1/0890/6968/2722/files/GG_Website_Images_-_2026-01-22T091040.709.jpg?v=1782382743,3,"",,,,https://cdn.shopify.com/s/files/1/0890/6968/2722/files/vanilla.jpg?v=1782382743,kg,,,
nars-mini-radiant-creamy-concealer-1-4ml,,,,,,,,,Chantilly,,,,,,,,,0.0,,0,deny,manual,1703.00,3960.00,true,false,,,,,,https://cdn.shopify.com/s/files/1/0890/6968/2722/files/GG_Website_Images_-_2026-01-22T091057.855.jpg?v=1782382743,4,"",,,,https://cdn.shopify.com/s/files/1/0890/6968/2722/files/chantilly.jpg?v=1782382743,kg,,,
nars-mini-radiant-creamy-concealer-1-4ml,,,,,,,,,,,,,,,,,,,,,,,,,,,,,,,,https://cdn.shopify.com/s/files/1/0890/6968/2722/files/GG_Website_Images_-_2026-01-22T092142.622.jpg?v=1782382743,5,"",,,,,,,,
nars-mini-radiant-creamy-concealer-1-4ml,,,,,,,,,,,,,,,,,,,,,,,,,,,,,,,,https://cdn.shopify.com/s/files/1/0890/6968/2722/files/GG_Website_Images_-_2026-01-22T092207.321.jpg?v=1782382743,6,"",,,,,,,,
nars-mini-radiant-creamy-concealer-1-4ml,,,,,,,,,,,,,,,,,,,,,,,,,,,,,,,,https://cdn.shopify.com/s/files/1/0890/6968/2722/files/GG_Website_Images_-_2026-01-22T094504.758.jpg?v=1782382743,7,"",,,,,,,,
nars-mini-radiant-creamy-concealer-1-4ml,,,,,,,,,,,,,,,,,,,,,,,,,,,,,,,,https://cdn.shopify.com/s/files/1/0890/6968/2722/files/custard.jpg?v=1782382743,8,"",,,,,,,,
nars-mini-radiant-creamy-concealer-1-4ml,,,,,,,,,,,,,,,,,,,,,,,,,,,,,,,,https://cdn.shopify.com/s/files/1/0890/6968/2722/files/vanilla.jpg?v=1782382743,9,"",,,,,,,,
nars-mini-radiant-creamy-concealer-1-4ml,,,,,,,,,,,,,,,,,,,,,,,,,,,,,,,,https://cdn.shopify.com/s/files/1/0890/6968/2722/files/chantilly.jpg?v=1782382743,10,"",,,,,,,,
soft-girl-bundle-3-products,Soft Girl Bundle I - 3 products,<p>This soft girl bundle includes:</p> <ul> <li>Rhode Pocket Blush</li> <li>Summer Fridays Lip Oil</li> <li>Rare Beauty Luminizer Highlighter</li> </ul> <p>Random shades are included </p>,GlowGlamByMimi,,"","",false,Title,Default Title,,,,,,,,,0.0,,0,deny,manual,2563.00,5960.00,true,false,,,,,,https://cdn.shopify.com/s/files/1/0890/6968/2722/files/GGWebsiteImages_22.jpg?v=1782382742,1,"",false,,,,kg,,,draft
elf-glow-reviver-lip-oil,ELF | Glow Reviver Lip Oil,"<p>ELF Glow Reviver Lip Oil is a popular, affordable non-sticky, high-gloss tinted lip oil that nourishes and hydrates while enhancing natural lip color.</p> <p>Master Dupe.</p>",GlowGlamByMimi,,"","",false,shades,Red Delicious,,,,,,,,,0.0,,0,deny,manual,1703.00,3960.00,true,false,,,,,,https://cdn.shopify.com/s/files/1/0890/6968/2722/files/red.jpg?v=1782382741,1,"",false,,,https://cdn.shopify.com/s/files/1/0890/6968/2722/files/red.jpg?v=1782382741,kg,,,draft
elf-glow-reviver-lip-oil,,,,,,,,,Crystal Clear,,,,,,,,,0.0,,0,deny,manual,1703.00,3960.00,true,false,,,,,,https://cdn.shopify.com/s/files/1/0890/6968/2722/files/GGWebsiteImages-2026-01-30T102413.678.jpg?v=1782382741,2,"",,,,https://cdn.shopify.com/s/files/1/0890/6968/2722/files/crystal.jpg?v=1782382741,kg,,,
elf-glow-reviver-lip-oil,,,,,,,,,It's Giving Guava,,,,,,,,,0.0,,0,deny,manual,1703.00,3960.00,true,false,,,,,,https://cdn.shopify.com/s/files/1/0890/6968/2722/files/GGWebsiteImages-2026-01-30T102331.492.jpg?v=1782382741,3,"",,,,https://cdn.shopify.com/s/files/1/0890/6968/2722/files/its_giving_guava.jpg?v=1782382741,kg,,,
elf-glow-reviver-lip-oil,,,,,,,,,Pink Quartz,,,,,,,,,0.0,,0,deny,manual,1703.00,3960.00,true,false,,,,,,https://cdn.shopify.com/s/files/1/0890/6968/2722/files/GGWebsiteImages-2026-01-30T102310.631.jpg?v=1782382741,4,"",,,,https://cdn.shopify.com/s/files/1/0890/6968/2722/files/pink.jpg?v=1782382741,kg,,,
elf-glow-reviver-lip-oil,,,,,,,,,Hot As Fudge,,,,,,,,,0.0,,0,deny,manual,1703.00,3960.00,true,false,,,,,,https://cdn.shopify.com/s/files/1/0890/6968/2722/files/crystal.jpg?v=1782382741,5,"",,,,https://cdn.shopify.com/s/files/1/0890/6968/2722/files/hot.jpg?v=1782382741,kg,,,
elf-glow-reviver-lip-oil,,,,,,,,,Honey Talks,,,,,,,,,0.0,,0,deny,manual,1703.00,3960.00,true,false,,,,,,https://cdn.shopify.com/s/files/1/0890/6968/2722/files/its_giving_guava.jpg?v=1782382741,6,"",,,,https://cdn.shopify.com/s/files/1/0890/6968/2722/files/honey_2.jpg?v=1782382741,kg,,,
elf-glow-reviver-lip-oil,,,,,,,,,Jam Session,,,,,,,,,0.0,,0,deny,manual,1703.00,3960.00,true,false,,,,,,https://cdn.shopify.com/s/files/1/0890/6968/2722/files/coral_fixatiion.jpg?v=1782382741,7,"",,,,https://cdn.shopify.com/s/files/1/0890/6968/2722/files/jam_session.jpg?v=1782382741,kg,,,
elf-glow-reviver-lip-oil,,,,,,,,,Coral Fixation,,,,,,,,,0.0,,0,deny,manual,1703.00,3960.00,true,false,,,,,,https://cdn.shopify.com/s/files/1/0890/6968/2722/files/pink.jpg?v=1782382741,8,"",,,,https://cdn.shopify.com/s/files/1/0890/6968/2722/files/coral_fixatiion.jpg?v=1782382741,kg,,,
elf-glow-reviver-lip-oil,,,,,,,,,Rose Envy,,,,,,,,,0.0,,0,deny,manual,1703.00,3960.00,true,false,,,,,,https://cdn.shopify.com/s/files/1/0890/6968/2722/files/hot.jpg?v=1782382741,9,"",,,,https://cdn.shopify.com/s/files/1/0890/6968/2722/files/rose_envy.jpg?v=1782382741,kg,,,
elf-glow-reviver-lip-oil,,,,,,,,,,,,,,,,,,,,,,,,,,,,,,,,https://cdn.shopify.com/s/files/1/0890/6968/2722/files/honey_2.jpg?v=1782382741,10,"",,,,,,,,
elf-glow-reviver-lip-oil,,,,,,,,,,,,,,,,,,,,,,,,,,,,,,,,https://cdn.shopify.com/s/files/1/0890/6968/2722/files/jam_session.jpg?v=1782382741,11,"",,,,,,,,
elf-glow-reviver-lip-oil,,,,,,,,,,,,,,,,,,,,,,,,,,,,,,,,https://cdn.shopify.com/s/files/1/0890/6968/2722/files/rose_envy.jpg?v=1782382741,12,"",,,,,,,,
sheglam-full-coverage-foundation-balm,SHEGLAM | Full Coverage Foundation Balm,"<p>The SHEGLAM Full Coverage Foundation Balm is a long-wearing, oil-resistant, and non-greasy balm-to-cream formula that provides a smooth, matte, and airbrushed finish.</p> <p>Master Dupe.</p>",GlowGlamByMimi,,"","",false,shades,Procelain,,,,,,,,,0.0,,0,deny,manual,1359.00,3160.00,true,false,,,,,,https://cdn.shopify.com/s/files/1/0890/6968/2722/files/GGWebsiteImages-2026-01-30T113842.340.jpg?v=1782382740,1,"",false,,,https://cdn.shopify.com/s/files/1/0890/6968/2722/files/GGWebsiteImages-2026-01-30T113842.340.jpg?v=1782382740,kg,,,draft
sheglam-full-coverage-foundation-balm,,,,,,,,,Buttercream,,,,,,,,,0.0,,0,deny,manual,1359.00,3160.00,true,false,,,,,,https://cdn.shopify.com/s/files/1/0890/6968/2722/files/GG_Website_Images_-_2026-01-30T121346.590.jpg?v=1782382740,2,"",,,,https://cdn.shopify.com/s/files/1/0890/6968/2722/files/BUTTERCREAM.jpg?v=1782382740,kg,,,
sheglam-full-coverage-foundation-balm,,,,,,,,,,,,,,,,,,,,,,,,,,,,,,,,https://cdn.shopify.com/s/files/1/0890/6968/2722/files/GG_Website_Images_-_2026-01-30T114853.320.jpg?v=1782382740,3,"",,,,,,,,
sheglam-full-coverage-foundation-balm,,,,,,,,,,,,,,,,,,,,,,,,,,,,,,,,https://cdn.shopify.com/s/files/1/0890/6968/2722/files/GG_Website_Images_-_2026-01-30T114913.842.jpg?v=1782382740,4,"",,,,,,,,
sheglam-full-coverage-foundation-balm,,,,,,,,,,,,,,,,,,,,,,,,,,,,,,,,https://cdn.shopify.com/s/files/1/0890/6968/2722/files/GG_Website_Images_-_2026-01-30T122125.676.jpg?v=1782382740,5,"",,,,,,,,
sheglam-full-coverage-foundation-balm,,,,,,,,,,,,,,,,,,,,,,,,,,,,,,,,https://cdn.shopify.com/s/files/1/0890/6968/2722/files/BUTTERCREAM.jpg?v=1782382740,6,"",,,,,,,,
laneige-midnight-minis-lip-mask-set-of-6,LANEIGE | Midnight Minis Lip Mask Set of 5,"<p>The Laneige Midnight Minis/Lip Glowy Balm 5-piece sets provide intense hydration, nourishment, and a sheer, glossy finish for soft, healthy-looking lips.</p> <p>Master Dupe.</p>",GlowGlamByMimi,,"","",false,Title,Default Title,,,,,,,,,0.0,,0,deny,manual,1875.00,4360.00,true,false,,,,,,https://cdn.shopify.com/s/files/1/0890/6968/2722/files/GG_Website_Images_-_2026-01-30T193417.485.jpg?v=1782382739,1,"",false,,,,kg,,,draft
laneige-midnight-minis-lip-mask-set-of-6,,,,,,,,,,,,,,,,,,,,,,,,,,,,,,,,https://cdn.shopify.com/s/files/1/0890/6968/2722/files/GGWebsiteImages-2026-01-30T193029.315.jpg?v=1782382739,2,"",,,,,,,,
laneige-midnight-minis-lip-mask-set-of-6,,,,,,,,,,,,,,,,,,,,,,,,,,,,,,,,https://cdn.shopify.com/s/files/1/0890/6968/2722/files/GGWebsiteImages-2026-01-30T152046.141.jpg?v=1782382739,3,"",,,,,,,,
gals-glow-bundle-🎀,Gals Glow Bundle🎀,<p>Gals Glow Bundle Includes:</p> <ul> <li>Bio Aqua Sheet Mask </li> <li>Rhode Peptide Lip Tint </li> <li>Sheglam Buttery Bliss Blush Stick</li> <li>Laneige Midnight Mini Lip Mask</li> </ul>,GlowGlamByMimi,,"","",false,Title,Default Title,,,,,,,,,0.0,,0,deny,manual,2305.00,5360.00,true,false,,,,,,https://cdn.shopify.com/s/files/1/0890/6968/2722/files/GGWebsiteImages2_29.jpg?v=1782382738,1,"",false,,,,kg,,,draft
huda-beauty-lip-contour-stain,HUDA BEAUTY | Lip Contour Stain,"<p>The Huda Beauty Lip Contour Stain is a 12-hour, long-lasting liquid lip liner and stain hybrid designed to provide a precise, smudge-proof, and transfer-proof, natural matte finish.</p> <p>Master Dupe.</p>",GlowGlamByMimi,,"","",false,shades,Rosewood,,,,,,,,,0.0,,0,deny,manual,1531.00,3560.00,true,false,,,,,,https://cdn.shopify.com/s/files/1/0890/6968/2722/files/cherry.jpg?v=1782382737,1,"",false,,,https://cdn.shopify.com/s/files/1/0890/6968/2722/files/rose.jpg?v=1782382737,kg,,,draft
huda-beauty-lip-contour-stain,,,,,,,,,Soft Nude,,,,,,,,,0.0,,0,deny,manual,1531.00,3560.00,true,false,,,,,,https://cdn.shopify.com/s/files/1/0890/6968/2722/files/GGWebsiteImages-2026-02-12T112519.496.jpg?v=1782382737,2,"",,,,https://cdn.shopify.com/s/files/1/0890/6968/2722/files/soft.jpg?v=1782382737,kg,,,
huda-beauty-lip-contour-stain,,,,,,,,,Cinnamon,,,,,,,,,0.0,,0,deny,manual,1531.00,3560.00,true,false,,,,,,https://cdn.shopify.com/s/files/1/0890/6968/2722/files/GGWebsiteImages-2026-02-12T112601.174.jpg?v=1782382737,3,"",,,,https://cdn.shopify.com/s/files/1/0890/6968/2722/files/cinnam.jpg?v=1782382737,kg,,,
huda-beauty-lip-contour-stain,,,,,,,,,Rich Brown,,,,,,,,,0.0,,0,deny,manual,1531.00,3560.00,true,false,,,,,,https://cdn.shopify.com/s/files/1/0890/6968/2722/files/GGWebsiteImages-2026-02-12T112540.463.jpg?v=1782382737,4,"",,,,https://cdn.shopify.com/s/files/1/0890/6968/2722/files/rich.jpg?v=1782382738,kg,,,
huda-beauty-lip-contour-stain,,,,,,,,,Warm Brown,,,,,,,,,0.0,,0,deny,manual,1531.00,3560.00,true,false,,,,,,https://cdn.shopify.com/s/files/1/0890/6968/2722/files/rose.jpg?v=1782382737,5,"",,,,https://cdn.shopify.com/s/files/1/0890/6968/2722/files/warm.jpg?v=1782382737,kg,,,
huda-beauty-lip-contour-stain,,,,,,,,,Cherry Red,,,,,,,,,0.0,,0,deny,manual,1531.00,3560.00,true,false,,,,,,https://cdn.shopify.com/s/files/1/0890/6968/2722/files/soft.jpg?v=1782382737,6,"",,,,https://cdn.shopify.com/s/files/1/0890/6968/2722/files/cherry.jpg?v=1782382737,kg,,,
huda-beauty-lip-contour-stain,,,,,,,,,Baby Pink,,,,,,,,,0.0,,0,deny,manual,1531.00,3560.00,true,false,,,,,,https://cdn.shopify.com/s/files/1/0890/6968/2722/files/cinnam.jpg?v=1782382737,7,"",,,,https://cdn.shopify.com/s/files/1/0890/6968/2722/files/baby.jpg?v=1782382738,kg,,,
huda-beauty-lip-contour-stain,,,,,,,,,Toasty Brown,,,,,,,,,0.0,,0,deny,manual,1531.00,3560.00,true,false,,,,,,https://cdn.shopify.com/s/files/1/0890/6968/2722/files/rich.jpg?v=1782382738,8,"",,,,https://cdn.shopify.com/s/files/1/0890/6968/2722/files/toasty.jpg?v=1782382737,kg,,,
huda-beauty-lip-contour-stain,,,,,,,,,,,,,,,,,,,,,,,,,,,,,,,,https://cdn.shopify.com/s/files/1/0890/6968/2722/files/warm.jpg?v=1782382737,9,"",,,,,,,,
huda-beauty-lip-contour-stain,,,,,,,,,,,,,,,,,,,,,,,,,,,,,,,,https://cdn.shopify.com/s/files/1/0890/6968/2722/files/baby.jpg?v=1782382738,10,"",,,,,,,,
huda-beauty-lip-contour-stain,,,,,,,,,,,,,,,,,,,,,,,,,,,,,,,,https://cdn.shopify.com/s/files/1/0890/6968/2722/files/toasty.jpg?v=1782382737,11,"",,,,,,,,
gisou-honey-infused-hair-perfume-floral-edition-50ml,GISOU | Honey Infused Hair Perfume Lavender Berry - 50ml,"<p>Gisou Honey Infused Hair Perfume Lavender Berry is a limited-edition, refreshing hair mist designed to scent, hydrate, and add shine to all hair types.</p> <p>Master Dupe.</p>",GlowGlamByMimi,,"","",false,Title,Default Title,,,,,,,,,0.0,,0,deny,manual,2993.00,6960.00,true,false,,,,,,https://cdn.shopify.com/s/files/1/0890/6968/2722/files/GGWebsiteImages-2026-02-12T121810.322.jpg?v=1782382736,1,"",false,,,,kg,,,draft
sol-de-janeiro,SOL DE JANEIRO | Cheirosa Perfume Mist Set,"<div data-processed=""true"" class=""QzGOQd""> <div data-processed=""true"" data-wiz-uids=""tKl4Ff_c,tKl4Ff_d"" class=""PwvzCf WEeWWe""> <div data-processed=""true""><br></div> </div> </div> <p>The Sol de Janeiro Cheirosa Perfume Mist Set (68, 62, 40, 59) is a 4-piece travel-size collection featuring 1 oz (30 ml) bottles of the brand's popular scents: Brazilian Crush Cheirosa '68 (fruity floral), Cheirosa '62 (pistachio/salted caramel), Cheirosa '40 (black amber/vanilla), and Cheirosa '59 (delícia drench).<span data-processed=""true"" data-wiz-uids=""tKl4Ff_g,tKl4Ff_h""><span data-processed=""true"" data-wiz-attrbind=""class=tKl4Ff_f/TKHnVd"" data-animation-atomic=""""><span data-processed=""true"" aria-hidden=""true""> </span></span></span></p> <p><span data-processed=""true"" data-wiz-uids=""tKl4Ff_g,tKl4Ff_h""><span data-processed=""true"" data-wiz-attrbind=""class=tKl4Ff_f/TKHnVd"" data-animation-atomic=""""><span data-processed=""true"" aria-hidden=""true"">Master Dupe.</span></span></span></p>",GlowGlamByMimi,,"","",false,Title,Default Title,,,,,,,,,0.0,,0,deny,manual,5143.00,11960.00,true,false,,,,,,https://cdn.shopify.com/s/files/1/0890/6968/2722/files/GGWebsiteImages-2026-02-12T124202.941.jpg?v=1782382736,1,"",false,,,,kg,,,draft
sol-de-janeiro,,,,,,,,,,,,,,,,,,,,,,,,,,,,,,,,https://cdn.shopify.com/s/files/1/0890/6968/2722/files/GGWebsiteImages-2026-02-12T124143.421.jpg?v=1782382735,2,"",,,,,,,,
sol-de-janeiro,,,,,,,,,,,,,,,,,,,,,,,,,,,,,,,,https://cdn.shopify.com/s/files/1/0890/6968/2722/files/GG_Website_Images_-_2026-02-12T124718.807.jpg?v=1782382736,3,"",,,,,,,,
sol-de-janeiro-beijos-de-sol-perfume-mist-90ml,SOL DE JANEIRO | Beijos De Sol Perfume Mist - 90ml,"<p>Sol de Janeiro Beijos De Sol (meaning ""kisses from the sun"" in Portuguese) is a limited-edition, fruity, and fresh hair and body perfume mist.</p> <p>Master Dupe.</p>",GlowGlamByMimi,,"","",false,Title,Default Title,,,,,,,,,0.0,,0,deny,manual,2391.00,5560.00,true,false,,,,,,https://cdn.shopify.com/s/files/1/0890/6968/2722/files/GGWebsiteImages-2026-02-12T141244.826.jpg?v=1782382735,1,"",false,,,,kg,,,draft
sol-de-janeiro-beijos-de-sol-perfume-mist-90ml,,,,,,,,,,,,,,,,,,,,,,,,,,,,,,,,https://cdn.shopify.com/s/files/1/0890/6968/2722/files/GGWebsiteImages-2026-02-12T141301.558.jpg?v=1782382735,2,"",,,,,,,,
sol-de-janeiro-summer-e-amor-perfume-mist-90ml,SOL DE JANEIRO | Summer e Amor Perfume Mist - 90ml,"<p>Sol de Janeiro Summer é Amor (90ml) is a limited-edition, warm floral perfume mist that captures the essence of a spontaneous summer getaway. <span>It features notes of creamy almond, orange flower, and sunkissed woods, creating a sweet, nutty, and slightly gourmand scent.</span></p> <p><span>Master Dupe.</span></p>",GlowGlamByMimi,,"","",false,Title,Default Title,,,,,,,,,0.0,,0,deny,manual,2391.00,5560.00,true,false,,,,,,https://cdn.shopify.com/s/files/1/0890/6968/2722/files/GGWebsiteImages-2026-02-12T141228.201.jpg?v=1782382734,1,"",false,,,,kg,,,draft
sol-de-janeiro-summer-e-amor-perfume-mist-90ml,,,,,,,,,,,,,,,,,,,,,,,,,,,,,,,,https://cdn.shopify.com/s/files/1/0890/6968/2722/files/GGWebsiteImages-2026-02-12T141208.105.jpg?v=1782382734,2,"",,,,,,,,
sol-de-janeiro-cheirosa-59-perfume-mist-90ml,SOL DE JANEIRO | Cheirosa 59 Perfume Mist - 90ml,"<p>Sol de Janeiro Cheirosa '59 Perfume Mist is a warm, woody gourmand fragrance designed to evoke the feeling of a relaxing, sun-kissed beach day at dusk.</p> <p>Master Dupe.</p>",GlowGlamByMimi,,"","",false,Title,Default Title,,,,,,,,,0.0,,0,deny,manual,2391.00,5560.00,true,false,,,,,,https://cdn.shopify.com/s/files/1/0890/6968/2722/files/GGWebsiteImages-2026-02-12T152340.742.jpg?v=1782382733,1,"",false,,,,kg,,,draft
sol-de-janeiro-cheirosa-59-perfume-mist-90ml,,,,,,,,,,,,,,,,,,,,,,,,,,,,,,,,https://cdn.shopify.com/s/files/1/0890/6968/2722/files/GGWebsiteImages-2026-02-12T152321.370.jpg?v=1782382733,2,"",,,,,,,,
huda-beauty-easy-bake-loose-setting-powder,HUDA BEAUTY | Easy Bake Loose Setting Powder,"<p>Huda Beauty Easy Bake Loose Powder is a cult-favorite, ultra-fine, and velvety loose setting powder designed to lock in makeup, control shine, and create a flawless, airbrushed, matte finish.</p> <p>Master Dupe.</p>",GlowGlamByMimi,,"","",false,shades,Banana Bread,,,,,,,,,0.0,,0,deny,manual,3939.00,9160.00,true,false,,,,,,https://cdn.shopify.com/s/files/1/0890/6968/2722/files/cupcake_7642e90f-78b7-4d69-9faf-707bac9599bc.jpg?v=1782382732,1,"",false,,,https://cdn.shopify.com/s/files/1/0890/6968/2722/files/banana.jpg?v=1782382732,kg,,,draft
huda-beauty-easy-bake-loose-setting-powder,,,,,,,,,Blondie,,,,,,,,,0.0,,0,deny,manual,3939.00,9160.00,true,false,,,,,,https://cdn.shopify.com/s/files/1/0890/6968/2722/files/GG_Website_Images_-_2026-02-12T163220.444.jpg?v=1782382732,2,"",,,,https://cdn.shopify.com/s/files/1/0890/6968/2722/files/blondie_bc1fe7d9-1cc6-42a4-b522-1b273517c748.jpg?v=1782382732,kg,,,
huda-beauty-easy-bake-loose-setting-powder,,,,,,,,,Sugar Cookie,,,,,,,,,0.0,,0,deny,manual,3939.00,9160.00,true,false,,,,,,https://cdn.shopify.com/s/files/1/0890/6968/2722/files/GGWebsiteImages-2026-02-12T161930.361.jpg?v=1782382732,3,"",,,,https://cdn.shopify.com/s/files/1/0890/6968/2722/files/sugar.jpg?v=1782382732,kg,,,
huda-beauty-easy-bake-loose-setting-powder,,,,,,,,,Pound Cake,,,,,,,,,0.0,,0,deny,manual,3939.00,9160.00,true,false,,,,,,https://cdn.shopify.com/s/files/1/0890/6968/2722/files/GGWebsiteImages-2026-02-12T161914.438.jpg?v=1782382732,4,"",,,,https://cdn.shopify.com/s/files/1/0890/6968/2722/files/GG_Website_Images_2_70.jpg?v=1782382732,kg,,,
huda-beauty-easy-bake-loose-setting-powder,,,,,,,,,Cupcake,,,,,,,,,0.0,,0,deny,manual,3939.00,9160.00,true,false,,,,,,https://cdn.shopify.com/s/files/1/0890/6968/2722/files/banana.jpg?v=1782382732,5,"",,,,https://cdn.shopify.com/s/files/1/0890/6968/2722/files/cupcake_7642e90f-78b7-4d69-9faf-707bac9599bc.jpg?v=1782382732,kg,,,
huda-beauty-easy-bake-loose-setting-powder,,,,,,,,,Cherry Blossom Cake,,,,,,,,,0.0,,0,deny,manual,3939.00,9160.00,true,false,,,,,,https://cdn.shopify.com/s/files/1/0890/6968/2722/files/blondie_bc1fe7d9-1cc6-42a4-b522-1b273517c748.jpg?v=1782382732,6,"",,,,https://cdn.shopify.com/s/files/1/0890/6968/2722/files/GG_Website_Images_2_71.jpg?v=1782382732,kg,,,
huda-beauty-easy-bake-loose-setting-powder,,,,,,,,,,,,,,,,,,,,,,,,,,,,,,,,https://cdn.shopify.com/s/files/1/0890/6968/2722/files/sugar.jpg?v=1782382732,7,"",,,,,,,,
huda-beauty-easy-bake-loose-setting-powder,,,,,,,,,,,,,,,,,,,,,,,,,,,,,,,,https://cdn.shopify.com/s/files/1/0890/6968/2722/files/GG_Website_Images_2_70.jpg?v=1782382732,8,"",,,,,,,,
huda-beauty-easy-bake-loose-setting-powder,,,,,,,,,,,,,,,,,,,,,,,,,,,,,,,,https://cdn.shopify.com/s/files/1/0890/6968/2722/files/GG_Website_Images_2_71.jpg?v=1782382732,9,"",,,,,,,,
too-faced,TOO FACED | Born This Way Super Coverage Multi-Use Concealer,"<p>The Too Faced Born This Way Super Coverage Multi-Use Concealer is a high-pigment, hydrating liquid concealer designed to offer maximum, undetectable, full coverage with a natural finish. </p> <p>Master Dupe.</p>",GlowGlamByMimi,,"","",false,Shades,Almond,,,,,,,,,0.0,,0,deny,manual,2047.00,4760.00,true,false,,,,,,https://cdn.shopify.com/s/files/1/0890/6968/2722/files/almond.jpg?v=1782382731,1,"",false,,,https://cdn.shopify.com/s/files/1/0890/6968/2722/files/almond.jpg?v=1782382731,kg,,,draft
too-faced,,,,,,,,,Natural Beige,,,,,,,,,0.0,,0,deny,manual,2047.00,4760.00,true,false,,,,,,https://cdn.shopify.com/s/files/1/0890/6968/2722/files/GGWebsiteImages-2026-02-13T084831.566.jpg?v=1782382731,2,"",,,,,kg,,,
too-faced,,,,,,,,,Light Beige,,,,,,,,,0.0,,0,deny,manual,2047.00,4760.00,true,false,,,,,,https://cdn.shopify.com/s/files/1/0890/6968/2722/files/GG_Website_Images_-_2026-02-13T090316.168.jpg?v=1782382731,3,"",,,,,kg,,,
too-faced,,,,,,,,,Sand,,,,,,,,,0.0,,0,deny,manual,2047.00,4760.00,true,false,,,,,,https://cdn.shopify.com/s/files/1/0890/6968/2722/files/GGWebsiteImages-2026-02-13T085220.653.jpg?v=1782382731,4,"",,,,,kg,,,
too-faced,,,,,,,,,Warm Sand,,,,,,,,,0.0,,0,deny,manual,2047.00,4760.00,true,false,,,,,,https://cdn.shopify.com/s/files/1/0890/6968/2722/files/GGWebsiteImages-2026-02-13T085202.196.jpg?v=1782382731,5,"",,,,,kg,,,
too-faced,,,,,,,,,Vanilla,,,,,,,,,0.0,,0,deny,manual,2047.00,4760.00,true,false,,,,,,https://cdn.shopify.com/s/files/1/0890/6968/2722/files/GGWebsiteImages-2026-02-13T085130.871.jpg?v=1782382731,6,"",,,,,kg,,,
too-faced,,,,,,,,,,,,,,,,,,,,,,,,,,,,,,,,https://cdn.shopify.com/s/files/1/0890/6968/2722/files/GGWebsiteImages-2026-02-13T085047.246.jpg?v=1782382731,7,"",,,,,,,,
too-faced,,,,,,,,,,,,,,,,,,,,,,,,,,,,,,,,https://cdn.shopify.com/s/files/1/0890/6968/2722/files/GGWebsiteImages-2026-02-13T084955.979.jpg?v=1782382731,8,"",,,,,,,,
too-faced,,,,,,,,,,,,,,,,,,,,,,,,,,,,,,,,https://cdn.shopify.com/s/files/1/0890/6968/2722/files/GGWebsiteImages-2026-02-13T084855.664.jpg?v=1782382731,9,"",,,,,,,,
too-faced-born-this-way-undetectable-flawless-coverage-foundation,TOO FACED | Born This Way Undetectable Flawless Coverage Foundation,"<p>The Too Faced Born This Way Undetectable Flawless Coverage Foundation is a popular, oil-free liquid foundation designed to provide medium-to-full coverage while maintaining a natural, skin-like finish.</p> <p>Master Dupe.</p>",GlowGlamByMimi,,"","",false,shades,Almond,,,,,,,,,0.0,,0,deny,manual,2391.00,5560.00,true,false,,,,,,https://cdn.shopify.com/s/files/1/0890/6968/2722/files/vanilla3.jpg?v=1782382730,1,"",false,,,,kg,,,draft
too-faced-born-this-way-undetectable-flawless-coverage-foundation,,,,,,,,,Light Beige,,,,,,,,,0.0,,0,deny,manual,2391.00,5560.00,true,false,,,,,,https://cdn.shopify.com/s/files/1/0890/6968/2722/files/GGWebsiteImages-2026-02-13T104123.419.jpg?v=1782382730,2,"",,,,,kg,,,
too-faced-born-this-way-undetectable-flawless-coverage-foundation,,,,,,,,,Natural Beige,,,,,,,,,0.0,,0,deny,manual,2391.00,5560.00,true,false,,,,,,https://cdn.shopify.com/s/files/1/0890/6968/2722/files/GGWebsiteImages-2026-02-13T103550.994.jpg?v=1782382730,3,"",,,,,kg,,,
too-faced-born-this-way-undetectable-flawless-coverage-foundation,,,,,,,,,Sand,,,,,,,,,0.0,,0,deny,manual,2391.00,5560.00,true,false,,,,,,https://cdn.shopify.com/s/files/1/0890/6968/2722/files/GGWebsiteImages-2026-02-13T103704.370.jpg?v=1782382730,4,"",,,,,kg,,,
too-faced-born-this-way-undetectable-flawless-coverage-foundation,,,,,,,,,Warm Sand,,,,,,,,,0.0,,0,deny,manual,2391.00,5560.00,true,false,,,,,,https://cdn.shopify.com/s/files/1/0890/6968/2722/files/GGWebsiteImages-2026-02-13T103723.498.jpg?v=1782382730,5,"",,,,,kg,,,
too-faced-born-this-way-undetectable-flawless-coverage-foundation,,,,,,,,,Vanilla,,,,,,,,,0.0,,0,deny,manual,2391.00,5560.00,true,false,,,,,,https://cdn.shopify.com/s/files/1/0890/6968/2722/files/GGWebsiteImages-2026-02-13T103645.044.jpg?v=1782382730,6,"",,,,https://cdn.shopify.com/s/files/1/0890/6968/2722/files/vanilla3.jpg?v=1782382730,kg,,,
too-faced-born-this-way-undetectable-flawless-coverage-foundation,,,,,,,,,,,,,,,,,,,,,,,,,,,,,,,,https://cdn.shopify.com/s/files/1/0890/6968/2722/files/GGWebsiteImages-2026-02-13T103622.414.jpg?v=1782382730,7,"",,,,,,,,
too-faced-born-this-way-undetectable-flawless-coverage-foundation,,,,,,,,,,,,,,,,,,,,,,,,,,,,,,,,https://cdn.shopify.com/s/files/1/0890/6968/2722/files/GGWebsiteImages-2026-02-13T103607.526.jpg?v=1782382730,8,"",,,,,,,,
too-faced-born-this-way-undetectable-flawless-coverage-foundation,,,,,,,,,,,,,,,,,,,,,,,,,,,,,,,,https://cdn.shopify.com/s/files/1/0890/6968/2722/files/GGWebsiteImages-2026-02-13T103741.884.jpg?v=1782382730,9,"",,,,,,,,
victorias-secret-bare-vanilla-fragrance-mist-250ml,Victoria's Secret | Bare Vanilla Fragrance Mist - 250ml,"<p>Victoria's Secret Bare Vanilla is a popular, warm gourmand fragrance featuring a cozy blend of whipped vanilla and soft cashmere.</p> <p>Master Dupe.</p>",GlowGlamByMimi,,"","",false,Title,Default Title,,,,,,,,,0.0,,0,deny,manual,2133.00,4960.00,true,false,,,,,,https://cdn.shopify.com/s/files/1/0890/6968/2722/files/GGWebsiteImages-2026-02-14T163549.604.jpg?v=1782382728,1,"",false,,,,kg,,,draft
victorias-secret-bare-vanilla-sunkissed-fragrance-mist-250ml,Victoria's Secret | Bare Vanilla Sunkissed Fragrance Mist - 250ml,"<p>Victoria's Secret Bare Vanilla Sunkissed is a warm, oriental-vanilla fragrance designed for summer, featuring notes of whipped vanilla, amber beams, and occasionally hinted apple blossom. </p> <p>Master Dupe.</p>",GlowGlamByMimi,,"","",false,Title,Default Title,,,,,,,,,0.0,,0,deny,manual,2133.00,4960.00,true,false,,,,,,https://cdn.shopify.com/s/files/1/0890/6968/2722/files/GGWebsiteImages-2026-02-14T173800.180.jpg?v=1782382727,1,"",false,,,,kg,,,draft
victorias-secret-velvet-petals-fragrance-mist-250ml,Victoria's Secret | Velvet Petals Fragrance Mist - 250ml,"<p>Victoria's Secret Velvet Petals is a popular,, fruity-floral gourmand fragrance, often described as a soft, sweet, and comforting blend of lush blooms and almond glaze.</p> <p>Master Dupe.</p>",GlowGlamByMimi,,"","",false,Title,Default Title,,,,,,,,,0.0,,0,deny,manual,2133.00,4960.00,true,false,,,,,,https://cdn.shopify.com/s/files/1/0890/6968/2722/files/GGWebsiteImages-2026-02-15T145229.835.jpg?v=1782382725,1,"",false,,,,kg,,,draft
victorias-secret-pure-seduction-frangrance-mist-250ml,Victoria's Secret | Pure Seduction Fragrance Mist - 250ml,"<p><span data-wiz-uids=""m1tJee_f"" data-processed=""true""></span> Victoria's Secret Pure Seduction is a popular, fruity-floral, 250ml body mist, renowned for its sweet, flirtatious, and refreshing aroma designed to be ""irresistible""</p> <p>Master Dupe.</p>",GlowGlamByMimi,,"","",false,Title,Default Title,,,,,,,,,0.0,,0,deny,manual,2133.00,4960.00,true,false,,,,,,https://cdn.shopify.com/s/files/1/0890/6968/2722/files/GGWebsiteImages-2026-02-15T082712.631.jpg?v=1782382724,1,"",false,,,,kg,,,draft
victorias-secret-pure-seduction-fragrance-mist-250ml,Victoria's Secret | Pure Seduction Fragrance Mist - 250ml,"<p>Victoria's Secret Pure Seduction Fragrance Mist is a popular, iconic, and, fruity-floral, daily body spray known for its sweet and alluring scent profile. </p> <p>Master Dupe.</p>",GlowGlamByMimi,,"","",false,Title,Default Title,,,,,,,,,0.0,,0,deny,manual,2133.00,4960.00,true,false,,,,,,https://cdn.shopify.com/s/files/1/0890/6968/2722/files/GGWebsiteImages-2026-02-15T145832.417.jpg?v=1782382722,1,"",false,,,,kg,,,draft
victorias-secret-bare-vanilla-fragrance-mist-250ml-1,Victoria's Secret | Bare Vanilla Fragrance Mist - 250ml,"<p>Victoria's Secret Bare Vanilla is a popular, warm, and cozy gourmand fragrance featuring dominant notes of whipped vanilla and soft cashmere, often described as having a sweet, cookie-like, or creamy scent.</p> <p> Master Dupe.</p>",GlowGlamByMimi,,"","",false,Title,Default Title,,,,,,,,,0.0,,0,deny,manual,2133.00,4960.00,true,false,,,,,,https://cdn.shopify.com/s/files/1/0890/6968/2722/files/GGWebsiteImages-2026-02-15T145549.736.jpg?v=1782382721,1,"",false,,,,kg,,,draft
victorias-secret-very-sexy-orchid-250ml,Victoria's Secret | Very Sexy Orchid Fragrance Mist - 250ml,"<p>Victoria's Secret Very Sexy Orchid is a warm gourmand fragrance described as a deep, opulent, and exotic scent, ideal for evening wear.</p> <p>Master Dupe.</p>",GlowGlamByMimi,,"","",false,Title,Default Title,,,,,,,,,0.0,,0,deny,manual,2133.00,4960.00,true,false,,,,,,https://cdn.shopify.com/s/files/1/0890/6968/2722/files/GGWebsiteImages-2026-02-15T142922.605.jpg?v=1782382719,1,"",false,,,,kg,,,draft
elf-camo-liquid-blush,ELF | Camo Liquid Blush,"<p>ELF Camo Liquid Blush is a highly pigmented, long-lasting liquid blush that delivers a vibrant pop of color with a soft, dewy finish. Its lightweight, blendable formula includes skin-loving ingredients like hyaluronic acid and rose flower water.</p> <p>Master Dupe.</p>",GlowGlamByMimi,,"","",false,Shades,Comin in Hot Pink,,,,,,,,,0.0,,0,deny,manual,1445.00,3360.00,true,false,,,,,,https://cdn.shopify.com/s/files/1/0890/6968/2722/files/comin.jpg?v=1782382718,1,"",false,,,https://cdn.shopify.com/s/files/1/0890/6968/2722/files/comin.jpg?v=1782382718,kg,,,draft
elf-camo-liquid-blush,,,,,,,,,Bronze Bombshell,,,,,,,,,0.0,,0,deny,manual,1445.00,3360.00,true,false,,,,,,https://cdn.shopify.com/s/files/1/0890/6968/2722/files/GGWebsiteImages-2026-02-21T160624.353.jpg?v=1782382718,2,"",,,,https://cdn.shopify.com/s/files/1/0890/6968/2722/files/bronze.jpg?v=1782382719,kg,,,
elf-camo-liquid-blush,,,,,,,,,Suave Muave,,,,,,,,,0.0,,0,deny,manual,1445.00,3360.00,true,false,,,,,,https://cdn.shopify.com/s/files/1/0890/6968/2722/files/bronze.jpg?v=1782382719,3,"",,,,https://cdn.shopify.com/s/files/1/0890/6968/2722/files/suave.jpg?v=1782382718,kg,,,
elf-camo-liquid-blush,,,,,,,,,Peach Perfect,,,,,,,,,0.0,,0,deny,manual,1445.00,3360.00,true,false,,,,,,https://cdn.shopify.com/s/files/1/0890/6968/2722/files/suave.jpg?v=1782382718,4,"",,,,https://cdn.shopify.com/s/files/1/0890/6968/2722/files/peach.jpg?v=1782382718,kg,,,
elf-camo-liquid-blush,,,,,,,,,Bold Faced Lilac,,,,,,,,,0.0,,0,deny,manual,1445.00,3360.00,true,false,,,,,,https://cdn.shopify.com/s/files/1/0890/6968/2722/files/peach.jpg?v=1782382718,5,"",,,,https://cdn.shopify.com/s/files/1/0890/6968/2722/files/bold.jpg?v=1782382718,kg,,,
elf-camo-liquid-blush,,,,,,,,,Dusty Rose,,,,,,,,,0.0,,0,deny,manual,1445.00,3360.00,true,false,,,,,,https://cdn.shopify.com/s/files/1/0890/6968/2722/files/bold.jpg?v=1782382718,6,"",,,,https://cdn.shopify.com/s/files/1/0890/6968/2722/files/dusssty.jpg?v=1782382718,kg,,,
elf-camo-liquid-blush,,,,,,,,,,,,,,,,,,,,,,,,,,,,,,,,https://cdn.shopify.com/s/files/1/0890/6968/2722/files/dusssty.jpg?v=1782382718,7,"",,,,,,,,
elf-camo-liquid-blush,,,,,,,,,,,,,,,,,,,,,,,,,,,,,,,,https://cdn.shopify.com/s/files/1/0890/6968/2722/files/GGWebsiteImages-2026-02-21T160911.321.jpg?v=1782382718,8,"",,,,,,,,
elf-camo-liquid-blush,,,,,,,,,,,,,,,,,,,,,,,,,,,,,,,,https://cdn.shopify.com/s/files/1/0890/6968/2722/files/GGWebsiteImages-2026-02-21T160650.521.jpg?v=1782382718,9,"",,,,,,,,
clean-girl-lip-combo,Clean Girl Lip Combo 🦢,<p>Clean Girl Lip Combo Includes:</p> <ul> <li>Elf Glow Reviver Lip Oil</li> <li>Rhode Peptide Lip Shape</li> </ul>,GlowGlamByMimi,,"","",false,Title,Default Title,,,,,,,,,0.0,,0,deny,manual,1531.00,3560.00,true,false,,,,,,https://cdn.shopify.com/s/files/1/0890/6968/2722/files/GGWebsiteImages-2026-02-25T162504.587.jpg?v=1782382717,1,"",false,,,,kg,,,draft
smell-good-feel-good,Smell Good Feel Good Bundle - 2 Products,<p>Smell Good Feel Good Includes:</p> <ul> <li>Victoria's Secret Pure Seduction Mist </li> <li>Sol De Janeiro Mist </li> </ul>,GlowGlamByMimi,,"","",false,Title,Default Title,,,,,,,,,0.0,,0,deny,manual,3423.00,7960.00,true,false,,,,,,https://cdn.shopify.com/s/files/1/0890/6968/2722/files/GGWebsiteImages-2026-03-05T175434.813.jpg?v=1782382715,1,"",false,,,,kg,,,draft
huda-beauty-lip-and-blush-duo,Huda Beauty Lip And Blush Duo - 2 Products,<p>Huda Beauty Lip And Blush Duo Includes:</p> <ul> <li>Huda Beauty Lip Contour Stain </li> <li>Huda Beauty Blush Filter Liquid Blush </li> </ul>,GlowGlamByMimi,,"","",false,Title,Default Title,,,,,,,,,0.0,,0,deny,manual,2983.00,6780.00,true,false,,,,,,https://cdn.shopify.com/s/files/1/0890/6968/2722/files/GGWebsiteImages-2026-03-05T180243.376.jpg?v=1782382714,1,"",false,,,,kg,,,draft
hair-care-bundle-2-products,Hair Care Bundle - 2 Products,<p>Hair Care Bundle Includes:</p> <ul> <li>Shiseido Fino Premium Touch Hair Treatment Mask </li> <li>Gisou Honey Infused Hair Perfume Lavender Berry </li> </ul>,GlowGlamByMimi,,"","",false,Title,Default Title,,,,,,,,,0.0,,0,deny,manual,4283.00,9960.00,true,false,,,,,,https://cdn.shopify.com/s/files/1/0890/6968/2722/files/GGWebsiteImages-2026-03-05T181523.776.jpg?v=1782382714,1,"",false,,,,kg,,,draft
rhode-ultimate-bundle-3-products,Rhode Ultimate Bundle - 3 Products,<p>Rhode Ultimate Bundle Includes:</p> <ul> <li>Rhode Peptide Lip Tint </li> <li>Rhode Peptide Lip Shape </li> <li>Rhode Pocket Blush</li> </ul> <p>Shades not specified.</p>,GlowGlamByMimi,,"","",false,Title,Default Title,,,,,,,,,0.0,,0,deny,manual,2391.00,5560.00,true,false,,,,,,https://cdn.shopify.com/s/files/1/0890/6968/2722/files/GGWebsiteImages-2026-03-05T182546.900.jpg?v=1782382713,1,"",false,,,,kg,,,draft
boss-babe-lip-bundle-💄,Boss Babe Lip Combo💄,<p>Boss Babe Lip Bundle Includes:</p> <ul> <li>Rhode Peptide Lip Shape </li> <li>ELF Glow Reviver Lip Oil</li> </ul>,GlowGlamByMimi,,"","",false,Title,Default Title,,,,,,,,,0.0,,0,deny,manual,2391.00,5560.00,true,false,,,,,,https://cdn.shopify.com/s/files/1/0890/6968/2722/files/GGWebsiteImages-2026-02-01T114426.880_5fa9d7cf-702f-4a79-9ffa-dae24de4872c.jpg?v=1782382712,1,"",false,,,,kg,,,draft
pretty-and-powerful-bundle✨,Pretty and Powerful Bundle✨,<p>Pretty and Powerful Bundle Includes:</p> <ul> <li>Benefit Bad Gal Bang Mascara </li> <li>Gisou Hydrating Lip Oil</li> <li>Rare Beauty Stay Vulnerable Melting Blush </li> </ul>,GlowGlamByMimi,,"","",false,Title,Default Title,,,,,,,,,0.0,,0,deny,manual,2391.00,5560.00,true,false,,,,,,https://cdn.shopify.com/s/files/1/0890/6968/2722/files/GGWebsiteImages-2026-02-01T131327.793.jpg?v=1782382711,1,"",false,,,,kg,,,draft
fall-lip-combo-2-product,Honey Lip Combo - 2 products,<p>Fall Lip Combo Includes:</p> <ul> <li>Rhode lip shape pencil</li> <li>Gisou lip oil</li> </ul>,GlowGlamByMimi,,"","",false,Title,Default Title,,,,,,,,,0.0,,0,deny,manual,2133.00,4960.00,true,false,,,,,,https://cdn.shopify.com/s/files/1/0890/6968/2722/files/GGWebsiteImages_33.jpg?v=1782382710,1,"",false,,,,kg,,,draft
sheglam-hydra-jelly-pocket-lip-jam-1,Sheglam | Hydra Jelly Pocket Lip Jam,"<p>The Sheglam Hydra Jelly Pocket Lip Jam is a highly hydrating, non-sticky lip balm and gloss hybrid featuring a bouncy jelly texture that delivers intense moisture, a sheer tint, and a high-shine, ""juicy"" finish.</p> <p>Master Dupe.</p>",GlowGlamByMimi,,"","",false,shades,Guava Glow,,,,,,,,,0.0,,0,deny,manual,1015.00,2360.00,true,false,,,,,,https://cdn.shopify.com/s/files/1/0890/6968/2722/files/guava.jpg?v=1782382710,1,"",false,,,https://cdn.shopify.com/s/files/1/0890/6968/2722/files/GGWebsiteImages-2026-03-14T124025.262.jpg?v=1782382710,kg,,,draft
sheglam-hydra-jelly-pocket-lip-jam-1,,,,,,,,,Strawberry Splash,,,,,,,,,0.0,,0,deny,manual,1015.00,2360.00,true,false,,,,,,https://cdn.shopify.com/s/files/1/0890/6968/2722/files/GG_Website_Images_-_2026-03-14T125212.886.jpg?v=1782382710,2,"",,,,https://cdn.shopify.com/s/files/1/0890/6968/2722/files/GGWebsiteImages-2026-03-14T124450.839.jpg?v=1782382710,kg,,,
sheglam-hydra-jelly-pocket-lip-jam-1,,,,,,,,,Sugar Swirl,,,,,,,,,0.0,,0,deny,manual,1015.00,2360.00,true,false,,,,,,https://cdn.shopify.com/s/files/1/0890/6968/2722/files/GGWebsiteImages-2026-03-14T124043.251.jpg?v=1782382710,3,"",,,,https://cdn.shopify.com/s/files/1/0890/6968/2722/files/GGWebsiteImages-2026-03-14T124118.874.jpg?v=1782382710,kg,,,
sheglam-hydra-jelly-pocket-lip-jam-1,,,,,,,,,Apricot Pop,,,,,,,,,0.0,,0,deny,manual,1015.00,2360.00,true,false,,,,,,https://cdn.shopify.com/s/files/1/0890/6968/2722/files/GGWebsiteImages-2026-03-14T124450.839.jpg?v=1782382710,4,"",,,,https://cdn.shopify.com/s/files/1/0890/6968/2722/files/GGWebsiteImages-2026-03-14T124043.251.jpg?v=1782382710,kg,,,
sheglam-hydra-jelly-pocket-lip-jam-1,,,,,,,,,,,,,,,,,,,,,,,,,,,,,,,,https://cdn.shopify.com/s/files/1/0890/6968/2722/files/GGWebsiteImages-2026-03-14T124118.874.jpg?v=1782382710,5,"",,,,,,,,
sheglam-hydra-jelly-pocket-lip-jam-1,,,,,,,,,,,,,,,,,,,,,,,,,,,,,,,,https://cdn.shopify.com/s/files/1/0890/6968/2722/files/GGWebsiteImages-2026-03-14T124025.262.jpg?v=1782382710,6,"",,,,,,,,
victorias-secret-bare-vanilla-crystal-fragrance-mist-250ml,Victoria's Secret | Bare Vanilla Crystal Fragrance Mist - 250ml,"<p>Victoria's Secret Bare Vanilla Crystal Fragrance Mist is a popular, cozy, and warm, oriental-vanilla fragrance for women featuring a blend of whipped vanilla, soft cashmere, and creamy amber. </p> <p>Msater Dupe.</p>",GlowGlamByMimi,,"","",false,Title,Default Title,,,,,,,,,0.0,,0,deny,manual,2133.00,4960.00,true,false,,,,,,https://cdn.shopify.com/s/files/1/0890/6968/2722/files/IMG-6683.jpg?v=1782382709,1,"",false,,,,kg,,,draft
ysl-loveshine-plumping-lip-oil-gloss,YSL | Loveshine Plumping Lip Oil Gloss,"<p>YSL Loveshine Plumping Lip Oil Gloss offers a high-shine, non-sticky finish with plumping technology, providing shades ranging from sheer neutrals to bright berries and warm corals<span>.</span></p> <p><span>Master Dupe.</span></p>",GlowGlamByMimi,,"","",false,shades,1 - Thunder Stealer,,,,,,,,,0.0,,0,deny,manual,3079.00,7160.00,true,false,,,,,,https://cdn.shopify.com/s/files/1/0890/6968/2722/files/44nude.jpg?v=1782382708,1,"",false,,,https://cdn.shopify.com/s/files/1/0890/6968/2722/files/1thunderstealer.jpg?v=1782382708,kg,,,draft
ysl-loveshine-plumping-lip-oil-gloss,,,,,,,,,4 - Honey Pure Love,,,,,,,,,0.0,,0,deny,manual,3079.00,7160.00,true,false,,,,,,https://cdn.shopify.com/s/files/1/0890/6968/2722/files/GGWebsiteImages-2026-03-28T060858.995.jpg?v=1782382708,2,"",,,,https://cdn.shopify.com/s/files/1/0890/6968/2722/files/4honeypurelove.jpg?v=1782382708,kg,,,
ysl-loveshine-plumping-lip-oil-gloss,,,,,,,,,5 - California Sunshine,,,,,,,,,0.0,,0,deny,manual,3079.00,7160.00,true,false,,,,,,https://cdn.shopify.com/s/files/1/0890/6968/2722/files/GGWebsiteImages-2026-03-28T060914.302.jpg?v=1782382708,3,"",,,,https://cdn.shopify.com/s/files/1/0890/6968/2722/files/5californiasunshine.jpg?v=1782382708,kg,,,
ysl-loveshine-plumping-lip-oil-gloss,,,,,,,,,6 - Espresso Stardust,,,,,,,,,0.0,,0,deny,manual,3079.00,7160.00,true,false,,,,,,https://cdn.shopify.com/s/files/1/0890/6968/2722/files/GG_Website_Images_-_2026-03-28T150323.997.jpg?v=1782382708,4,"",,,,https://cdn.shopify.com/s/files/1/0890/6968/2722/files/6espressostardust.jpg?v=1782382708,kg,,,
ysl-loveshine-plumping-lip-oil-gloss,,,,,,,,,7 - Strawberry Star,,,,,,,,,0.0,,0,deny,manual,3079.00,7160.00,true,false,,,,,,https://cdn.shopify.com/s/files/1/0890/6968/2722/files/1thunderstealer.jpg?v=1782382708,5,"",,,,https://cdn.shopify.com/s/files/1/0890/6968/2722/files/7strawberrystar.jpg?v=1782382708,kg,,,
ysl-loveshine-plumping-lip-oil-gloss,,,,,,,,,8 - Purple Dream,,,,,,,,,0.0,,0,deny,manual,3079.00,7160.00,true,false,,,,,,https://cdn.shopify.com/s/files/1/0890/6968/2722/files/4honeypurelove.jpg?v=1782382708,6,"",,,,https://cdn.shopify.com/s/files/1/0890/6968/2722/files/8purpledream.jpg?v=1782382708,kg,,,
ysl-loveshine-plumping-lip-oil-gloss,,,,,,,,,9 - Cherry Flash,,,,,,,,,0.0,,0,deny,manual,3079.00,7160.00,true,false,,,,,,https://cdn.shopify.com/s/files/1/0890/6968/2722/files/5californiasunshine.jpg?v=1782382708,7,"",,,,https://cdn.shopify.com/s/files/1/0890/6968/2722/files/9cherryflash.jpg?v=1782382708,kg,,,
ysl-loveshine-plumping-lip-oil-gloss,,,,,,,,,44 - Nude Lavalliere,,,,,,,,,0.0,,0,deny,manual,3079.00,7160.00,true,false,,,,,,https://cdn.shopify.com/s/files/1/0890/6968/2722/files/6espressostardust.jpg?v=1782382708,8,"",,,,https://cdn.shopify.com/s/files/1/0890/6968/2722/files/44nude.jpg?v=1782382708,kg,,,
ysl-loveshine-plumping-lip-oil-gloss,,,,,,,,,,,,,,,,,,,,,,,,,,,,,,,,https://cdn.shopify.com/s/files/1/0890/6968/2722/files/7strawberrystar.jpg?v=1782382708,9,"",,,,,,,,
ysl-loveshine-plumping-lip-oil-gloss,,,,,,,,,,,,,,,,,,,,,,,,,,,,,,,,https://cdn.shopify.com/s/files/1/0890/6968/2722/files/8purpledream.jpg?v=1782382708,10,"",,,,,,,,
ysl-loveshine-plumping-lip-oil-gloss,,,,,,,,,,,,,,,,,,,,,,,,,,,,,,,,https://cdn.shopify.com/s/files/1/0890/6968/2722/files/9cherryflash.jpg?v=1782382708,11,"",,,,,,,,
mac-compact-powder,MAC | Studio Fix Powder plus Foundation Compact,"<p><span>Master Copy</span></p> <p>Discover the flawless finish of MAC's compact powder. This high-quality, finely milled powder effortlessly blends into your skin, leaving a smooth and matte complexion. Perfect for touch-ups on the go, this compact powder is a must-have for any makeup routine.</p> <p> </p>",GlowGlamByMimi,,"","",false,Shade,NC20,,,,,,,,,0.0,,0,deny,manual,1445.00,3360.00,true,false,,,,,,https://cdn.shopify.com/s/files/1/0890/6968/2722/files/MAC_Powder_MainImg.jpg?v=1782382707,1,"",false,,,,kg,,,draft
mac-compact-powder,,,,,,,,,NC25,,,,,,,,,0.0,,0,deny,manual,1445.00,3360.00,true,false,,,,,,https://cdn.shopify.com/s/files/1/0890/6968/2722/files/MACshades.webp?v=1782382707,2,"",,,,,kg,,,
mac-compact-powder,,,,,,,,,NC30,,,,,,,,,0.0,,0,deny,manual,929.00,2160.00,true,false,,,,,,https://cdn.shopify.com/s/files/1/0890/6968/2722/files/MAC-2012_maccosmeticsStudioFixPowderplusFoundationListAvailable-_mac_hollalustIdr505_000.Aone-steppowderandfoundationthatprovidesamattetexturewithmediumtofullcoverage.FullDescription.jpg?v=1782382707,3,"",,,,,kg,,,
mac-compact-powder,,,,,,,,,NC37,,,,,,,,,0.0,,0,deny,manual,1445.00,3360.00,true,false,,,,,,,,,,,,,kg,,,
mac-compact-powder,,,,,,,,,NC40,,,,,,,,,0.0,,0,deny,manual,1445.00,3360.00,true,false,,,,,,,,,,,,,kg,,,
makeup-by-mario-soft-pop-cream-blush-stick,Makeup by Mario | Soft Pop Cream Blush Stick,"<p><span data-copy-service-computed-style='font-family: ""Google Sans"", Arial, sans-serif; font-size: 16px; font-weight: 400; margin: 0px; text-decoration: none; border-bottom: 0px none rgb(10, 10, 10);'>The </span>Makeup by Mario Soft Pop Cream Blush Stick is a dual-ended cream blush that delivers a natural, dewy, and buildable flush of color<!--TgQPHd|[]-->.</p> <p>Master Dupe.</p>",GlowGlamByMimi,,"","",false,Shades,Pale Petal,,,,,,,,,0.0,,0,deny,manual,2993.00,6960.00,true,false,,,,,,https://cdn.shopify.com/s/files/1/0890/6968/2722/files/plumberry.jpg?v=1782382706,1,"",false,,,https://cdn.shopify.com/s/files/1/0890/6968/2722/files/pale_petal.jpg?v=1782382706,kg,,,draft
makeup-by-mario-soft-pop-cream-blush-stick,,,,,,,,,Raspberry,,,,,,,,,0.0,,0,deny,manual,2993.00,6960.00,true,false,,,,,,https://cdn.shopify.com/s/files/1/0890/6968/2722/files/GG_Website_Images_-_2026-04-01T185217.097.jpg?v=1782382706,2,"",,,,https://cdn.shopify.com/s/files/1/0890/6968/2722/files/raspberry.jpg?v=1782382706,kg,,,
makeup-by-mario-soft-pop-cream-blush-stick,,,,,,,,,Plumberry,,,,,,,,,0.0,,0,deny,manual,2993.00,6960.00,true,false,,,,,,https://cdn.shopify.com/s/files/1/0890/6968/2722/files/GG_Website_Images_-_2026-04-01T185255.771.jpg?v=1782382706,3,"",,,,https://cdn.shopify.com/s/files/1/0890/6968/2722/files/plumberryyy.jpg?v=1782382706,kg,,,
makeup-by-mario-soft-pop-cream-blush-stick,,,,,,,,,Dusty Rose,,,,,,,,,0.0,,0,deny,manual,2993.00,6960.00,true,false,,,,,,https://cdn.shopify.com/s/files/1/0890/6968/2722/files/GG_Website_Images_-_2026-04-01T185159.784.jpg?v=1782382706,4,"",,,,https://cdn.shopify.com/s/files/1/0890/6968/2722/files/dusty_rose.jpg?v=1782382706,kg,,,
makeup-by-mario-soft-pop-cream-blush-stick,,,,,,,,,Earthy Pink,,,,,,,,,0.0,,0,deny,manual,2993.00,6960.00,true,false,,,,,,https://cdn.shopify.com/s/files/1/0890/6968/2722/files/pale_petal.jpg?v=1782382706,5,"",,,,https://cdn.shopify.com/s/files/1/0890/6968/2722/files/earthy_pink.jpg?v=1782382706,kg,,,
makeup-by-mario-soft-pop-cream-blush-stick,,,,,,,,,Soft Coral,,,,,,,,,0.0,,0,deny,manual,2993.00,6960.00,true,false,,,,,,https://cdn.shopify.com/s/files/1/0890/6968/2722/files/raspberry.jpg?v=1782382706,6,"",,,,https://cdn.shopify.com/s/files/1/0890/6968/2722/files/GG_Website_Images_-_2026-04-01T193821.434.jpg?v=1782382706,kg,,,
makeup-by-mario-soft-pop-cream-blush-stick,,,,,,,,,,,,,,,,,,,,,,,,,,,,,,,,https://cdn.shopify.com/s/files/1/0890/6968/2722/files/plumberryyy.jpg?v=1782382706,7,"",,,,,,,,
makeup-by-mario-soft-pop-cream-blush-stick,,,,,,,,,,,,,,,,,,,,,,,,,,,,,,,,https://cdn.shopify.com/s/files/1/0890/6968/2722/files/dusty_rose.jpg?v=1782382706,8,"",,,,,,,,
makeup-by-mario-soft-pop-cream-blush-stick,,,,,,,,,,,,,,,,,,,,,,,,,,,,,,,,https://cdn.shopify.com/s/files/1/0890/6968/2722/files/earthy_pink.jpg?v=1782382706,9,"",,,,,,,,
makeup-by-mario-soft-pop-cream-blush-stick,,,,,,,,,,,,,,,,,,,,,,,,,,,,,,,,https://cdn.shopify.com/s/files/1/0890/6968/2722/files/GG_Website_Images_-_2026-04-01T193821.434.jpg?v=1782382706,10,"",,,,,,,,
ysl-make-me-blush-bold-blurring-blush,YSL | Make Me Blush Bold Blurring Blush,"<p>YSL Make Me Blush Bold Blurring Blush is a lightweight, velvety powder that delivers up to 24-hour long-lasting, sweat-proof, and waterproof color<!--TgQPHd|[]-->.</p> <p>Master Dupe. </p>",GlowGlamByMimi,,"","",false,Shades,6 - Rose Haze,,,,,,,,,0.0,,0,deny,manual,4283.00,9960.00,true,false,,,,,,https://cdn.shopify.com/s/files/1/0890/6968/2722/files/6.jpg?v=1782382705,1,"",false,,,https://cdn.shopify.com/s/files/1/0890/6968/2722/files/6.jpg?v=1782382705,kg,,,draft
ysl-make-me-blush-bold-blurring-blush,,,,,,,,,24 - Suave Sunstone,,,,,,,,,0.0,,0,deny,manual,4283.00,9960.00,true,false,,,,,,https://cdn.shopify.com/s/files/1/0890/6968/2722/files/GG_Website_Images_-_2026-04-02T123930.031.jpg?v=1782382705,2,"",,,,https://cdn.shopify.com/s/files/1/0890/6968/2722/files/24.jpg?v=1782382705,kg,,,
ysl-make-me-blush-bold-blurring-blush,,,,,,,,,42 - Babydoll Pink,,,,,,,,,0.0,,0,deny,manual,4283.00,9960.00,true,false,,,,,,https://cdn.shopify.com/s/files/1/0890/6968/2722/files/24.jpg?v=1782382705,3,"",,,,https://cdn.shopify.com/s/files/1/0890/6968/2722/files/42.jpg?v=1782382705,kg,,,
ysl-make-me-blush-bold-blurring-blush,,,,,,,,,44 - Nude Lavalliere,,,,,,,,,0.0,,0,deny,manual,4283.00,9960.00,true,false,,,,,,https://cdn.shopify.com/s/files/1/0890/6968/2722/files/42.jpg?v=1782382705,4,"",,,,https://cdn.shopify.com/s/files/1/0890/6968/2722/files/44.jpg?v=1782382705,kg,,,
ysl-make-me-blush-bold-blurring-blush,,,,,,,,,87 - Pink Voltage,,,,,,,,,0.0,,0,deny,manual,4283.00,9960.00,true,false,,,,,,https://cdn.shopify.com/s/files/1/0890/6968/2722/files/44.jpg?v=1782382705,5,"",,,,https://cdn.shopify.com/s/files/1/0890/6968/2722/files/87.jpg?v=1782382705,kg,,,
ysl-make-me-blush-bold-blurring-blush,,,,,,,,,,,,,,,,,,,,,,,,,,,,,,,,https://cdn.shopify.com/s/files/1/0890/6968/2722/files/87.jpg?v=1782382705,6,"",,,,,,,,
ysl-make-me-blush-bold-blurring-blush,,,,,,,,,,,,,,,,,,,,,,,,,,,,,,,,https://cdn.shopify.com/s/files/1/0890/6968/2722/files/GGWebsiteImages-2026-04-02T122342.662.jpg?v=1782382705,7,"",,,,,,,,
ysl-make-me-blush-bold-blurring-blush,,,,,,,,,,,,,,,,,,,,,,,,,,,,,,,,https://cdn.shopify.com/s/files/1/0890/6968/2722/files/GGWebsiteImages-2026-04-02T122332.262.jpg?v=1782382705,8,"",,,,,,,,
ysl-make-me-blush-bold-blurring-blush,,,,,,,,,,,,,,,,,,,,,,,,,,,,,,,,https://cdn.shopify.com/s/files/1/0890/6968/2722/files/GGWebsiteImages-2026-04-02T122321.354.jpg?v=1782382705,9,"",,,,,,,,
ysl-make-me-blush-bold-blurring-blush,,,,,,,,,,,,,,,,,,,,,,,,,,,,,,,,https://cdn.shopify.com/s/files/1/0890/6968/2722/files/GGWebsiteImages-2026-04-02T122312.830.jpg?v=1782382705,10,"",,,,,,,,
ysl-make-me-blush-bold-blurring-blush,,,,,,,,,,,,,,,,,,,,,,,,,,,,,,,,https://cdn.shopify.com/s/files/1/0890/6968/2722/files/GGWebsiteImages-2026-04-02T122302.684.jpg?v=1782382705,11,"",,,,,,,,
ysl-make-me-blush-bold-blurring-blush,,,,,,,,,,,,,,,,,,,,,,,,,,,,,,,,https://cdn.shopify.com/s/files/1/0890/6968/2722/files/GGWebsiteImages-2026-04-02T122253.023.jpg?v=1782382705,12,"",,,,,,,,
sheglam-lashlighter-up-and-out-mascara,SHEGLAM | Lashlighter Up and Out Mascara,"<p>The Sheglam Lashlighter Up and Out Mascara is a waterproof, lengthening, and curling mascara designed to provide a lifted, fanned-out, and ""wide-eyed"" look<!--TgQPHd|[]-->.</p> <p>Master Dupe.</p>",GlowGlamByMimi,,"","",false,Title,Default Title,,,,,,,,,0.0,,0,deny,manual,1273.00,2960.00,true,false,,,,,,https://cdn.shopify.com/s/files/1/0890/6968/2722/files/GGWebsiteImages-2026-04-04T172536.446.jpg?v=1782382704,1,"",false,,,,kg,,,draft
sheglam-lashlighter-up-and-out-mascara,,,,,,,,,,,,,,,,,,,,,,,,,,,,,,,,https://cdn.shopify.com/s/files/1/0890/6968/2722/files/GGWebsiteImages-2026-04-04T172521.712.jpg?v=1782382704,2,"",,,,,,,,
dior-backstage-glow-maximizer-palette-001-universal,Dior | Backstage Glow Maximizer Palette - 001 Universal,"<p><span data-copy-service-computed-style='font-family: ""Google Sans"", Arial, sans-serif; font-size: 16px; font-weight: 400; margin: 0px; text-decoration: none; border-bottom: 0px none rgb(10, 10, 10);'>The Dior Backstage Glow Maximizer Palette in 001 Universal </span>(new packaging) is a multi-use highlighting palette designed to deliver a customizable, radiant glow for the face.</p> <p>Master Dupe.</p>",GlowGlamByMimi,,"","",false,Title,Default Title,,,,,,,,,0.0,,0,deny,manual,3939.00,9160.00,true,false,,,,,,https://cdn.shopify.com/s/files/1/0890/6968/2722/files/GGWebsiteImages-2026-04-04T180638.664.jpg?v=1782382703,1,"",false,,,,kg,,,draft
dior-backstage-glow-maximizer-palette-001-universal,,,,,,,,,,,,,,,,,,,,,,,,,,,,,,,,https://cdn.shopify.com/s/files/1/0890/6968/2722/files/GGWebsiteImages-2026-04-04T181913.618.jpg?v=1782382703,2,"",,,,,,,,
dior-backstage-glow-maximizer-palette-001-universal,,,,,,,,,,,,,,,,,,,,,,,,,,,,,,,,https://cdn.shopify.com/s/files/1/0890/6968/2722/files/GGWebsiteImages-2026-04-04T180825.621.jpg?v=1782382703,3,"",,,,,,,,
glow-recipe-watermelon-glow-niacinamide-dewy-flush,Glow Recipe | Watermelon Glow Niacinamide Dewy Flush,"<p><span data-subtree=""aimfl,mfl"" data-copy-service-computed-style='font-family: ""Google Sans"", Arial, sans-serif; font-size: 16px; font-weight: 400; margin: 0px; text-decoration: none; border-bottom: 0px none rgb(10, 10, 10);'>The Glow Recipe Watermelon Glow Niacinamide Dewy Flush </span>is a skincare-infused, buildable liquid blush serum designed to deliver a dewy, natural flush of color<!--TgQPHd|[]-->.</p> <p>Master Dupe.</p>",GlowGlamByMimi,,"","",false,Shades,Berry Flush,,,,,,,,,0.0,,0,deny,manual,2563.00,5960.00,true,false,,,,,,https://cdn.shopify.com/s/files/1/0890/6968/2722/files/GG_Website_Images_2.jpg?v=1782382702,1,"",false,,,https://cdn.shopify.com/s/files/1/0890/6968/2722/files/GG_Website_Images_2.jpg?v=1782382702,kg,,,draft
glow-recipe-watermelon-glow-niacinamide-dewy-flush,,,,,,,,,Watermelon Flush,,,,,,,,,0.0,,0,deny,manual,2563.00,5960.00,true,false,,,,,,https://cdn.shopify.com/s/files/1/0890/6968/2722/files/GGWebsiteImages2_5.jpg?v=1782382702,2,"",,,,https://cdn.shopify.com/s/files/1/0890/6968/2722/files/GGWebsiteImages2_1.jpg?v=1782382703,kg,,,
glow-recipe-watermelon-glow-niacinamide-dewy-flush,,,,,,,,,,,,,,,,,,,,,,,,,,,,,,,,https://cdn.shopify.com/s/files/1/0890/6968/2722/files/GGWebsiteImages2_1.jpg?v=1782382703,3,"",,,,,,,,
glow-recipe-watermelon-glow-niacinamide-dewy-flush,,,,,,,,,,,,,,,,,,,,,,,,,,,,,,,,https://cdn.shopify.com/s/files/1/0890/6968/2722/files/GGWebsiteImages2_4.jpg?v=1782382702,4,"",,,,,,,,
glow-recipe-watermelon-glow-niacinamide-dewy-flush,,,,,,,,,,,,,,,,,,,,,,,,,,,,,,,,https://cdn.shopify.com/s/files/1/0890/6968/2722/files/GGWebsiteImages2_2.jpg?v=1782382702,5,"",,,,,,,,
glow-recipe-watermelon-glow-niacinamide-dewy-flush,,,,,,,,,,,,,,,,,,,,,,,,,,,,,,,,https://cdn.shopify.com/s/files/1/0890/6968/2722/files/GGWebsiteImages2_3.jpg?v=1782382703,6,"",,,,,,,,
glow-recipe-watermelon-glow-niacinamide-dewy-flush,,,,,,,,,,,,,,,,,,,,,,,,,,,,,,,,https://cdn.shopify.com/s/files/1/0890/6968/2722/files/GGWebsiteImages2_6.jpg?v=1782382702,7,"",,,,,,,,
sheglam-bold-booster-lip-plumper,Sheglam | Bold Booster Lip Plumper,"<p><span data-subtree=""aimfl,mfl"" data-copy-service-computed-style='font-family: ""Google Sans"", Arial, sans-serif; font-size: 16px; font-weight: 400; margin: 0px; text-decoration: none; border-bottom: 0px none rgb(10, 10, 10);'>The SHEGLAM Bold Booster Lip Plumper is </span>a high-shine, non-sticky, and hydrating lip gloss designed to create fuller-looking lips instantly<!--TgQPHd|[]-->.</p> <p>Master Dupe - minor difference in shades can be there.</p>",GlowGlamByMimi,,"","",false,Shades,Blush Drizzle,,,,,,,,,0.0,,0,deny,manual,1187.00,2760.00,true,false,,,,,,https://cdn.shopify.com/s/files/1/0890/6968/2722/files/berry.jpg?v=1782382701,1,"",false,,,https://cdn.shopify.com/s/files/1/0890/6968/2722/files/drizzle.jpg?v=1782382701,kg,,,draft
sheglam-bold-booster-lip-plumper,,,,,,,,,Toffee Kiss,,,,,,,,,0.0,,0,deny,manual,1187.00,2760.00,true,false,,,,,,https://cdn.shopify.com/s/files/1/0890/6968/2722/files/GG_Website_Images_2_11.jpg?v=1782382701,2,"",,,,https://cdn.shopify.com/s/files/1/0890/6968/2722/files/toffee.jpg?v=1782382701,kg,,,
sheglam-bold-booster-lip-plumper,,,,,,,,,Strawberry Fields,,,,,,,,,0.0,,0,deny,manual,1187.00,2760.00,true,false,,,,,,https://cdn.shopify.com/s/files/1/0890/6968/2722/files/GG_Website_Images_2_7.jpg?v=1782382701,3,"",,,,https://cdn.shopify.com/s/files/1/0890/6968/2722/files/strawberry_3.jpg?v=1782382701,kg,,,
sheglam-bold-booster-lip-plumper,,,,,,,,,Latte Luxe,,,,,,,,,0.0,,0,deny,manual,1187.00,2760.00,true,false,,,,,,https://cdn.shopify.com/s/files/1/0890/6968/2722/files/GG_Website_Images_2_8.jpg?v=1782382701,4,"",,,,https://cdn.shopify.com/s/files/1/0890/6968/2722/files/latte.jpg?v=1782382701,kg,,,
sheglam-bold-booster-lip-plumper,,,,,,,,,Rose Veil,,,,,,,,,0.0,,0,deny,manual,1187.00,2760.00,true,false,,,,,,https://cdn.shopify.com/s/files/1/0890/6968/2722/files/cherry_2.jpg?v=1782382701,5,"",,,,https://cdn.shopify.com/s/files/1/0890/6968/2722/files/rose_2.jpg?v=1782382701,kg,,,
sheglam-bold-booster-lip-plumper,,,,,,,,,Cherry Gleam,,,,,,,,,0.0,,0,deny,manual,1187.00,2760.00,true,false,,,,,,https://cdn.shopify.com/s/files/1/0890/6968/2722/files/drizzle.jpg?v=1782382701,6,"",,,,https://cdn.shopify.com/s/files/1/0890/6968/2722/files/cherry_2.jpg?v=1782382701,kg,,,
sheglam-bold-booster-lip-plumper,,,,,,,,,Berry Spritz,,,,,,,,,0.0,,0,deny,manual,1187.00,2760.00,true,false,,,,,,https://cdn.shopify.com/s/files/1/0890/6968/2722/files/honey_3.jpg?v=1782382701,7,"",,,,https://cdn.shopify.com/s/files/1/0890/6968/2722/files/berry.jpg?v=1782382701,kg,,,
sheglam-bold-booster-lip-plumper,,,,,,,,,Honey Glaze,,,,,,,,,0.0,,0,deny,manual,1187.00,2760.00,true,false,,,,,,https://cdn.shopify.com/s/files/1/0890/6968/2722/files/latte.jpg?v=1782382701,8,"",,,,https://cdn.shopify.com/s/files/1/0890/6968/2722/files/honey_3.jpg?v=1782382701,kg,,,
sheglam-bold-booster-lip-plumper,,,,,,,,,,,,,,,,,,,,,,,,,,,,,,,,https://cdn.shopify.com/s/files/1/0890/6968/2722/files/rose_2.jpg?v=1782382701,9,"",,,,,,,,
sheglam-bold-booster-lip-plumper,,,,,,,,,,,,,,,,,,,,,,,,,,,,,,,,https://cdn.shopify.com/s/files/1/0890/6968/2722/files/strawberry_3.jpg?v=1782382701,10,"",,,,,,,,
sheglam-bold-booster-lip-plumper,,,,,,,,,,,,,,,,,,,,,,,,,,,,,,,,https://cdn.shopify.com/s/files/1/0890/6968/2722/files/toffee.jpg?v=1782382701,11,"",,,,,,,,
dior-rosy-glow-blush-001,DIOR | Rosy Glow Powder Blush,"<p>Dior Rosy Glow is an iconic, long-wearing powder blush designed to create an instant, healthy, and customized glow<!--TgQPHd|[]-->.</p> <p>Master Dupe.</p>",GlowGlamByMimi,,"","",false,shades,001 - Pink,,,,,,,,,0.0,,0,deny,manual,3079.00,7160.00,true,false,,,,,,https://cdn.shopify.com/s/files/1/0890/6968/2722/files/GGWebsiteImages2_12.jpg?v=1782382700,1,"",false,,,https://cdn.shopify.com/s/files/1/0890/6968/2722/files/GGWebsiteImages2_12.jpg?v=1782382700,kg,,,draft
dior-rosy-glow-blush-001,,,,,,,,,006 - Berry,,,,,,,,,0.0,,0,deny,manual,3079.00,7160.00,true,false,,,,,,https://cdn.shopify.com/s/files/1/0890/6968/2722/files/GG_Website_Images_2_13.jpg?v=1782382700,2,"",,,,https://cdn.shopify.com/s/files/1/0890/6968/2722/files/GG_Website_Images_2_76.jpg?v=1782382700,kg,,,
dior-rosy-glow-blush-001,,,,,,,,,012 - Rosewood,,,,,,,,,0.0,,0,deny,manual,3079.00,7160.00,true,false,,,,,,https://cdn.shopify.com/s/files/1/0890/6968/2722/files/GG_Website_Images_2_75.jpg?v=1782382700,3,"",,,,https://cdn.shopify.com/s/files/1/0890/6968/2722/files/GG_Website_Images_2_75.jpg?v=1782382700,kg,,,
dior-rosy-glow-blush-001,,,,,,,,,,,,,,,,,,,,,,,,,,,,,,,,https://cdn.shopify.com/s/files/1/0890/6968/2722/files/GG_Website_Images_2_76.jpg?v=1782382700,4,"",,,,,,,,
dior-rosy-glow-blush-001,,,,,,,,,,,,,,,,,,,,,,,,,,,,,,,,https://cdn.shopify.com/s/files/1/0890/6968/2722/files/GG_Website_Images_2_14.jpg?v=1782382700,5,"",,,,,,,,
dior-rosy-glow-blush-001,,,,,,,,,,,,,,,,,,,,,,,,,,,,,,,,https://cdn.shopify.com/s/files/1/0890/6968/2722/files/GG_Website_Images_2_73.jpg?v=1782382700,6,"",,,,,,,,
dior-rosy-glow-blush-001,,,,,,,,,,,,,,,,,,,,,,,,,,,,,,,,https://cdn.shopify.com/s/files/1/0890/6968/2722/files/GG_Website_Images_2_74.jpg?v=1782382700,7,"",,,,,,,,
fenty-beauty-gloss-bomb-heat-universal-lip-luminizer-plumper,Fenty Beauty | Gloss Bomb Heat Universal Lip Luminizer + Plumper,"<p><span data-subtree=""aimfl,mfl"" data-processed=""true"" data-copy-service-computed-style='font-family: ""Google Sans"", Arial, sans-serif; font-size: 16px; font-weight: 400; margin: 0px; text-decoration: none; border-bottom: 0px rgb(10, 10, 10);'>Fenty Beauty Gloss Bomb Heat is </span>a hybrid lip luminizer and plumper that delivers a hint of tint, intense wet-look shine, and an immediate, comfortable plumping effect<!--TgQPHd|[]-->.</p> <p>Master Dupe.</p>",GlowGlamByMimi,,"","",false,shades,Fenty Glow Heat,,,,,,,,,0.0,,0,deny,manual,2563.00,5960.00,true,false,,,,,,https://cdn.shopify.com/s/files/1/0890/6968/2722/files/fenty.jpg?v=1782382699,1,"",false,,,https://cdn.shopify.com/s/files/1/0890/6968/2722/files/fenty.jpg?v=1782382699,kg,,,draft
fenty-beauty-gloss-bomb-heat-universal-lip-luminizer-plumper,,,,,,,,,Fussy Heat,,,,,,,,,0.0,,0,deny,manual,2563.00,5960.00,true,false,,,,,,https://cdn.shopify.com/s/files/1/0890/6968/2722/files/GG_Website_Images_2_15.jpg?v=1782382700,2,"",,,,https://cdn.shopify.com/s/files/1/0890/6968/2722/files/GG_Website_Images_2_17.jpg?v=1782382699,kg,,,
fenty-beauty-gloss-bomb-heat-universal-lip-luminizer-plumper,,,,,,,,,Hot Chocolit Heat,,,,,,,,,0.0,,0,deny,manual,2563.00,5960.00,true,false,,,,,,https://cdn.shopify.com/s/files/1/0890/6968/2722/files/hot_choco_heat.jpg?v=1782382699,3,"",,,,https://cdn.shopify.com/s/files/1/0890/6968/2722/files/hot_choco_heat.jpg?v=1782382699,kg,,,
fenty-beauty-gloss-bomb-heat-universal-lip-luminizer-plumper,,,,,,,,,,,,,,,,,,,,,,,,,,,,,,,,https://cdn.shopify.com/s/files/1/0890/6968/2722/files/GG_Website_Images_2_17.jpg?v=1782382699,4,"",,,,,,,,
fenty-beauty-gloss-bomb-heat-universal-lip-luminizer-plumper,,,,,,,,,,,,,,,,,,,,,,,,,,,,,,,,https://cdn.shopify.com/s/files/1/0890/6968/2722/files/GG_Website_Images_2_19_5a8631a9-7746-4de9-9617-cb3920728982.jpg?v=1782382699,5,"",,,,,,,,
fenty-beauty-gloss-bomb-heat-universal-lip-luminizer-plumper,,,,,,,,,,,,,,,,,,,,,,,,,,,,,,,,https://cdn.shopify.com/s/files/1/0890/6968/2722/files/GG_Website_Images_2_20.jpg?v=1782382700,6,"",,,,,,,,
fenty-beauty-gloss-bomb-heat-universal-lip-luminizer-plumper,,,,,,,,,,,,,,,,,,,,,,,,,,,,,,,,https://cdn.shopify.com/s/files/1/0890/6968/2722/files/GG_Website_Images_2_27.jpg?v=1782382699,7,"",,,,,,,,
fenty-beauty-gloss-bomb-universal-lip-luminizer,Fenty Beauty | Gloss Bomb Universal Lip Luminizer,"<p><span data-subtree=""aimfl,mfl"" data-copy-service-computed-style='font-family: ""Google Sans"", Arial, sans-serif; font-size: 16px; font-weight: 400; margin: 0px; text-decoration: none; border-bottom: 0px rgb(10, 10, 10);'>Fenty Beauty Gloss Bomb Universal Lip Luminizer is </span>a popular, non-sticky lip gloss known for its explosive, high-shine finish, nourishing formula (Shea Butter), and delicious peach-vanilla scent<!--TgQPHd|[]-->.</p> <p>Msater Dupe.</p>",GlowGlamByMimi,,"","",false,shades,Fussy,,,,,,,,,0.0,,0,deny,manual,2563.00,5960.00,true,false,,,,,,https://cdn.shopify.com/s/files/1/0890/6968/2722/files/fussy_d12945ad-ffd3-4667-a440-cdf12836b60f.jpg?v=1782382698,1,"",false,,,https://cdn.shopify.com/s/files/1/0890/6968/2722/files/fussy_d12945ad-ffd3-4667-a440-cdf12836b60f.jpg?v=1782382698,kg,,,draft
fenty-beauty-gloss-bomb-universal-lip-luminizer,,,,,,,,,Riri,,,,,,,,,0.0,,0,deny,manual,2563.00,5960.00,true,false,,,,,,https://cdn.shopify.com/s/files/1/0890/6968/2722/files/GG_Website_Images_2_23.jpg?v=1782382699,2,"",,,,https://cdn.shopify.com/s/files/1/0890/6968/2722/files/riri.jpg?v=1782382698,kg,,,
fenty-beauty-gloss-bomb-universal-lip-luminizer,,,,,,,,,Hot Chocolit,,,,,,,,,0.0,,0,deny,manual,2563.00,5960.00,true,false,,,,,,https://cdn.shopify.com/s/files/1/0890/6968/2722/files/riri.jpg?v=1782382698,3,"",,,,https://cdn.shopify.com/s/files/1/0890/6968/2722/files/hot_choco_8be4b08d-3454-466a-97e3-5a4350d8d753.jpg?v=1782382698,kg,,,
fenty-beauty-gloss-bomb-universal-lip-luminizer,,,,,,,,,,,,,,,,,,,,,,,,,,,,,,,,https://cdn.shopify.com/s/files/1/0890/6968/2722/files/GG_Website_Images_2_19.jpg?v=1782382698,4,"",,,,,,,,
fenty-beauty-gloss-bomb-universal-lip-luminizer,,,,,,,,,,,,,,,,,,,,,,,,,,,,,,,,https://cdn.shopify.com/s/files/1/0890/6968/2722/files/GG_Website_Images_2_22.jpg?v=1782382698,5,"",,,,,,,,
fenty-beauty-gloss-bomb-universal-lip-luminizer,,,,,,,,,,,,,,,,,,,,,,,,,,,,,,,,https://cdn.shopify.com/s/files/1/0890/6968/2722/files/GG_Website_Images_2_18.jpg?v=1782382698,6,"",,,,,,,,
fenty-beauty-gloss-bomb-universal-lip-luminizer,,,,,,,,,,,,,,,,,,,,,,,,,,,,,,,,https://cdn.shopify.com/s/files/1/0890/6968/2722/files/hot_choco_8be4b08d-3454-466a-97e3-5a4350d8d753.jpg?v=1782382698,7,"",,,,,,,,
fenty-beauty-gloss-bomb-cream-colour-drip-lip-cream,Fenty Beauty | Gloss Bomb Cream Colour Drip Lip Cream,"<p><span data-sfc-cp="""" data-sfc-root=""c"" data-sfc-cb="""" data-copy-service-computed-style='font-family: ""Google Sans"", Arial, sans-serif; font-size: 16px; font-weight: 400; margin: 0px; text-decoration: none; border-bottom: 0px rgb(10, 10, 10);'><span data-sfc-root=""c"" data-wiz-uids=""evJKBb_l"" data-sfc-cb="""" data-copy-service-computed-style='font-family: ""Google Sans"", Arial, sans-serif; font-size: 16px; font-weight: 500; margin: 0px; text-decoration: none; border-bottom: 0px rgb(26, 13, 171);'>Fenty Beauty Gloss Bomb Cream Colour Drip Lip Cream </span></span>is a non-sticky, high-shine lip gloss providing medium-to-full coverage color without shimmer<!--TgQPHd|[]-->.</p> <p>Msater Dupe.</p>",GlowGlamByMimi,,"","",false,shades,Honey Waffles,,,,,,,,,0.0,,0,deny,manual,2563.00,5960.00,true,false,,,,,,https://cdn.shopify.com/s/files/1/0890/6968/2722/files/honey_4_09e74f1d-e16e-498e-847e-ca545d5557c8.jpg?v=1782382698,1,"",false,,,https://cdn.shopify.com/s/files/1/0890/6968/2722/files/honey_4_09e74f1d-e16e-498e-847e-ca545d5557c8.jpg?v=1782382698,kg,,,draft
fenty-beauty-gloss-bomb-cream-colour-drip-lip-cream,,,,,,,,,Fruit Snackz,,,,,,,,,0.0,,0,deny,manual,2563.00,5960.00,true,false,,,,,,https://cdn.shopify.com/s/files/1/0890/6968/2722/files/GG_Website_Images_2_24.jpg?v=1782382697,2,"",,,,https://cdn.shopify.com/s/files/1/0890/6968/2722/files/fruit_e0180597-95b4-4d5f-8ed5-ff8b74bf131f.jpg?v=1782382698,kg,,,
fenty-beauty-gloss-bomb-cream-colour-drip-lip-cream,,,,,,,,,,,,,,,,,,,,,,,,,,,,,,,,https://cdn.shopify.com/s/files/1/0890/6968/2722/files/fruit_e0180597-95b4-4d5f-8ed5-ff8b74bf131f.jpg?v=1782382698,3,"",,,,,,,,
fenty-beauty-gloss-bomb-cream-colour-drip-lip-cream,,,,,,,,,,,,,,,,,,,,,,,,,,,,,,,,https://cdn.shopify.com/s/files/1/0890/6968/2722/files/GG_Website_Images_2_25.jpg?v=1782382698,4,"",,,,,,,,
fenty-beauty-gloss-bomb-cream-colour-drip-lip-cream,,,,,,,,,,,,,,,,,,,,,,,,,,,,,,,,https://cdn.shopify.com/s/files/1/0890/6968/2722/files/GG_Website_Images_2_26.jpg?v=1782382697,5,"",,,,,,,,
inner-glow-bundle-3-product,Inner Glow Bundle - 3 Product,<p>Inner Glow Bundle Includes:</p> <ul> <li>Elf Camo liquid Blush</li> <li>Nyx Fat Oil Lip Drip</li> <li>Sheglam Liquid Highlighter</li> </ul>,GlowGlamByMimi,,"","",false,Title,Default Title,,,,,,,,,0.0,,0,deny,manual,2219.00,5160.00,true,false,,,,,,https://cdn.shopify.com/s/files/1/0890/6968/2722/files/GGWebsiteImages2_35.jpg?v=1782382696,1,"",false,,,,kg,,,draft
colors-of-summer-bundle-3-products,Colors of Summer Bundle - 3 products,<p>Colors of Summer Bundle Includes:</p> <ul> <li>Sol De Janeiro Mist</li> <li>Gisou Hydrating Lip Oil </li> <li>Glow Recipe Watermelon Glow Niacinamide Dewy Flush </li> </ul>,GlowGlamByMimi,,"","",false,Title,Default Title,,,,,,,,,0.0,,0,deny,manual,3511.00,7980.00,true,false,,,,,,https://cdn.shopify.com/s/files/1/0890/6968/2722/files/GGWebsiteImages2_30_92d659b0-d521-4ee9-bf8c-9978f158f0c2.jpg?v=1782382696,1,"",false,,,,kg,,,draft
lippies-and-blushies-bundle-4-products,Lippies and Blushies Bundle - 4 Products,<p>Lippies and Blushies Bundle Includes:</p> <ul> <li>Rhode Peptide Lip Tint </li> <li>Dior Rosy Glow Blush </li> <li>Sheglam Buttery Bliss Blush Stick </li> <li>Kiko 3D Hydra Lip Gloss</li> </ul> <p>Random shades are included.</p>,GlowGlamByMimi,,"","",false,Title,Default Title,,,,,,,,,0.0,,0,deny,manual,4283.00,9960.00,true,false,,,,,,https://cdn.shopify.com/s/files/1/0890/6968/2722/files/GGWebsiteImages2_31.jpg?v=1782382695,1,"",false,,,,kg,,,draft
perfect-pout-lip-bundle-4-products,Perfect Pout Lip Bundle - 4 Products,<p>Perfect Pout Lip Bundle Includes:</p> <ul> <li>Gisou Hydrating Lip Oil</li> <li>Sheglam Bold Booster Lip Plumper</li> <li>Elf Glow Reviver Lip Oil </li> <li>Rare Beauty Soft Pinch Tinted Lip Oil</li> </ul> <p><span>Random shades are included.</span></p>,GlowGlamByMimi,,"","",false,Title,Default Title,,,,,,,,,0.0,,0,deny,manual,3511.00,7980.00,true,false,,,,,,https://cdn.shopify.com/s/files/1/0890/6968/2722/files/GGWebsiteImages2_34.jpg?v=1782382694,1,"",false,,,,kg,,,draft
huda-beauty-faux-filter-under,HUDA BEAUTY | FauxFilter Under Eye Color Corrector,"<p>The Huda Beauty FauxFilter Under Eye Color Corrector is <!--qkimaf b6mYRd_k/HugV6--><!--cqw1tb b6mYRd_k/HugV6-->a long-lasting (14hr+), lightweight, and creamy formula designed to brighten, even out, and correct under-eye pigmentation.</p> <p>Master Dupe.</p>",GlowGlamByMimi,,"","",false,shades,Cherry Blossom,,,,,,,,,0.0,,0,deny,manual,2563.00,5960.00,true,false,,,,,,https://cdn.shopify.com/s/files/1/0890/6968/2722/files/GGWebsiteImages2_37.jpg?v=1782382693,1,"",false,,,https://cdn.shopify.com/s/files/1/0890/6968/2722/files/GG_Website_Images_2_45.jpg?v=1782382693,kg,,,draft
huda-beauty-faux-filter-under,,,,,,,,,Peach,,,,,,,,,0.0,,0,deny,manual,2563.00,5960.00,true,false,,,,,,https://cdn.shopify.com/s/files/1/0890/6968/2722/files/GG_Website_Images_2_39.jpg?v=1782382694,2,"",,,,https://cdn.shopify.com/s/files/1/0890/6968/2722/files/GGWebsiteImages2_37.jpg?v=1782382693,kg,,,
huda-beauty-faux-filter-under,,,,,,,,,,,,,,,,,,,,,,,,,,,,,,,,https://cdn.shopify.com/s/files/1/0890/6968/2722/files/GG_Website_Images_2_45.jpg?v=1782382693,3,"",,,,,,,,
huda-beauty-faux-filter-under,,,,,,,,,,,,,,,,,,,,,,,,,,,,,,,,https://cdn.shopify.com/s/files/1/0890/6968/2722/files/GG_Website_Images_2_44.jpg?v=1782382693,4,"",,,,,,,,
huda-beauty-faux-filter-under,,,,,,,,,,,,,,,,,,,,,,,,,,,,,,,,https://cdn.shopify.com/s/files/1/0890/6968/2722/files/GG_Website_Images_2_38.jpg?v=1782382693,5,"",,,,,,,,
huda-beauty-faux-filter-under,,,,,,,,,,,,,,,,,,,,,,,,,,,,,,,,https://cdn.shopify.com/s/files/1/0890/6968/2722/files/GG_Website_Images_2_43.jpg?v=1782382693,6,"",,,,,,,,
huda-beauty-fauxfilter-luminous-matte-liquid-concealer,HUDA BEAUTY | FauxFilter Luminous Matte Liquid Concealer,"<p><span data-subtree=""aimfl,mfl"" data-copy-service-computed-style='font-family: ""Google Sans"", Arial, sans-serif; font-size: 16px; font-weight: 400; margin: 0px; text-decoration: none; border-bottom: 0px rgb(10, 10, 10);'>The Huda Beauty FauxFilter Luminous Matte Concealer is </span><!--qkimaf tQy4ye_f/HugV6--><!--cqw1tb tQy4ye_f/HugV6-->a high-coverage, long-wearing liquid concealer that provides a buildable medium-to-full, skin-like finish<!--TgQPHd|[]-->.</p> <p>Master Dupe.</p>",GlowGlamByMimi,,"","",true,shades,Nougat - 2.5g,,,,,,,,,0.0,,0,deny,manual,2563.00,5960.00,true,false,,,,,,https://cdn.shopify.com/s/files/1/0890/6968/2722/files/nougat.jpg?v=1782382692,1,"",false,,,https://cdn.shopify.com/s/files/1/0890/6968/2722/files/nougat.jpg?v=1782382692,kg,,,active
huda-beauty-fauxfilter-luminous-matte-liquid-concealer,,,,,,,,,Graham Cracker - 4.1g,,,,,,,,,0.0,,0,deny,manual,2563.00,5960.00,true,false,,,,,,https://cdn.shopify.com/s/files/1/0890/6968/2722/files/GGWebsiteImages2_49.jpg?v=1782382692,2,"",,,,https://cdn.shopify.com/s/files/1/0890/6968/2722/files/grahamcracker.jpg?v=1782382693,kg,,,
huda-beauty-fauxfilter-luminous-matte-liquid-concealer,,,,,,,,,,,,,,,,,,,,,,,,,,,,,,,,https://cdn.shopify.com/s/files/1/0890/6968/2722/files/grahamcracker.jpg?v=1782382693,3,"",,,,,,,,
huda-beauty-fauxfilter-luminous-matte-liquid-concealer,,,,,,,,,,,,,,,,,,,,,,,,,,,,,,,,https://cdn.shopify.com/s/files/1/0890/6968/2722/files/GGWebsiteImages2_46.jpg?v=1782382692,4,"",,,,,,,,
huda-beauty-fauxfilter-luminous-matte-liquid-concealer,,,,,,,,,,,,,,,,,,,,,,,,,,,,,,,,https://cdn.shopify.com/s/files/1/0890/6968/2722/files/GGWebsiteImages2_47.jpg?v=1782382692,5,"",,,,,,,,
huda-beauty-fauxfilter-luminous-matte-liquid-concealer,,,,,,,,,,,,,,,,,,,,,,,,,,,,,,,,https://cdn.shopify.com/s/files/1/0890/6968/2722/files/GGWebsiteImages2_48.jpg?v=1782382692,6,"",,,,,,,,
saie-dew-blush-blendable-liquid-blush,SAIE | Dew Liquid Blush - Full size 12 ml,"<p><span data-subtree=""aimfl,mfl"" data-copy-service-computed-style='font-family: ""Google Sans"", Arial, sans-serif; font-size: 16px; font-weight: 400; margin: 0px; text-decoration: none; border-bottom: 0px rgb(10, 10, 10);'>The </span>Saie Dew Blush<!--TgQPHd|[]--> is <!--qkimaf bQX5We_g/HugV6--><!--cqw1tb bQX5We_g/HugV6-->a beloved liquid-cream blush that melts seamlessly into the skin<!--TgQPHd|[]-->. It delivers a vibrant, radiant, and natural ""just-pinched"" flush with a dewy finish. The lightweight, hydrating formula is highly blendable and buildable, ensuring a streak-free, skin-like look.</p> <p>Master Dupe.</p>",GlowGlamByMimi,,"","",true,shades,Sweetie,,,,,,,,,0.0,,0,deny,manual,2983.00,6780.00,true,false,,,,,,https://cdn.shopify.com/s/files/1/0890/6968/2722/files/sweetie.jpg?v=1782382691,1,"",false,,,https://cdn.shopify.com/s/files/1/0890/6968/2722/files/sweetie.jpg?v=1782382691,kg,,,active
saie-dew-blush-blendable-liquid-blush,,,,,,,,,Chilly,,,,,,,,,0.0,,0,deny,manual,2983.00,6780.00,true,false,,,,,,https://cdn.shopify.com/s/files/1/0890/6968/2722/files/GGWebsiteImages2_50.jpg?v=1782382691,2,"",,,,https://cdn.shopify.com/s/files/1/0890/6968/2722/files/chilly.jpg?v=1782382691,kg,,,
saie-dew-blush-blendable-liquid-blush,,,,,,,,,Baby,,,,,,,,,0.0,,0,deny,manual,2983.00,6780.00,true,false,,,,,,https://cdn.shopify.com/s/files/1/0890/6968/2722/files/chilly.jpg?v=1782382691,3,"",,,,https://cdn.shopify.com/s/files/1/0890/6968/2722/files/baby_2.jpg?v=1782382691,kg,,,
saie-dew-blush-blendable-liquid-blush,,,,,,,,,Spicy,,,,,,,,,0.0,,0,deny,manual,2983.00,6780.00,true,false,,,,,,https://cdn.shopify.com/s/files/1/0890/6968/2722/files/baby_2.jpg?v=1782382691,4,"",,,,https://cdn.shopify.com/s/files/1/0890/6968/2722/files/spicy.jpg?v=1782382692,kg,,,
saie-dew-blush-blendable-liquid-blush,,,,,,,,,,,,,,,,,,,,,,,,,,,,,,,,https://cdn.shopify.com/s/files/1/0890/6968/2722/files/spicy.jpg?v=1782382692,5,"",,,,,,,,
saie-dew-blush-blendable-liquid-blush,,,,,,,,,,,,,,,,,,,,,,,,,,,,,,,,https://cdn.shopify.com/s/files/1/0890/6968/2722/files/GGWebsiteImages2_51.jpg?v=1782382691,6,"",,,,,,,,
saie-dew-blush-blendable-liquid-blush,,,,,,,,,,,,,,,,,,,,,,,,,,,,,,,,https://cdn.shopify.com/s/files/1/0890/6968/2722/files/GGWebsiteImages2_52.jpg?v=1782382691,7,"",,,,,,,,
saie-dew-blush-blendable-liquid-blush,,,,,,,,,,,,,,,,,,,,,,,,,,,,,,,,https://cdn.shopify.com/s/files/1/0890/6968/2722/files/GGWebsiteImages2_53.jpg?v=1782382692,8,"",,,,,,,,
saie-dew-blush-blendable-liquid-blush,,,,,,,,,,,,,,,,,,,,,,,,,,,,,,,,https://cdn.shopify.com/s/files/1/0890/6968/2722/files/GGWebsiteImages2_54.jpg?v=1782382692,9,"",,,,,,,,
glittery-pink-lip-combo-2-products,Sparkly Pink Lip Combo - 2 Products,"<p>Glittery Pink Lip Combo Includes :</p> <ul> <li>Kiko 3d Hydra Lip Gloss</li> <li>Huda Beauty Lip Contour Stain<span style=""font-size: 0.875rem;""> </span> </li> </ul> <p><span style=""font-size: 0.875rem;"">Shades not specified.</span></p>",GlowGlamByMimi,,"","",true,Title,Default Title,,,,,,,,,0.0,,0,deny,manual,2763.00,6280.00,true,false,,,,,,https://cdn.shopify.com/s/files/1/0890/6968/2722/files/GGWebsiteImages2_59.jpg?v=1782382690,1,"",false,,,,kg,,,active
sheglam-full-face-bundle-3-products,Sheglam Full Face Bundle - 3 Products,<p>Sheglam Full Face Bundle Includes :</p> <ul> <li>Sheglam Buttery Bliss Blush Stick </li> <li>Sheglam Pout Perfect Shine Lip Plumper</li> <li>Sheglam Skin Focus High Coverage Powder Foundation </li> </ul> <p>Shades not specified.</p>,GlowGlamByMimi,,"","",true,Title,Default Title,,,,,,,,,0.0,,0,deny,manual,2983.00,6780.00,true,false,,,,,,https://cdn.shopify.com/s/files/1/0890/6968/2722/files/GGWebsiteImages2_60.jpg?v=1782382690,1,"",false,,,,kg,,,active
pookie-heart-bundle-3-products,Pookie Heart Bundle - 3 Products,<p>Pookie Heart Bundle Includes :</p> <ul> <li>Rhode Peptide Lip Tint </li> <li>Sheglam Cupid Cream Blush</li> <li>Sheglam Lip Oil </li> </ul> <p>Shades not specified.</p>,GlowGlamByMimi,,"","",true,Title,Default Title,,,,,,,,,0.0,,0,deny,manual,1883.00,4280.00,true,false,,,,,,https://cdn.shopify.com/s/files/1/0890/6968/2722/files/GGWebsiteImages2_61.jpg?v=1782382689,1,"",false,,,,kg,,,active
summer-essentials-bundle-5-products,Summer Essentials Bundle - 5 Products,<p>Summer Essentials Bundle Includes :</p> <ul> <li>Sol de Janeiro Mini Mist </li> <li>Essence Lash Princess Mascara </li> <li>Elf Camo Liquid Blush </li> <li>Fenty Beauty Gloss Bomb Cream Color Drip Lip Cream </li> <li>TFIT Cover Up Pro Concealer </li> </ul> <p>Shades not specified.</p>,GlowGlamByMimi,,"","",true,Title,Default Title,,,,,,,,,0.0,,0,deny,manual,5271.00,11980.00,true,false,,,,,,https://cdn.shopify.com/s/files/1/0890/6968/2722/files/GGWebsiteImages2_62.jpg?v=1782382688,1,"",false,,,,kg,,,active
charlotte-tilbury-iconic-mini-lip-cheat-trio,Charlotte Tilbury | Iconic Mini Lip Cheat Trio,"<p>The Charlotte Tilbury Iconic Mini Lip Cheat Trio is <!--qkimaf vxBVie_i/HugV6--><!--cqw1tb vxBVie_i/HugV6-->a limited-edition, travel-sized set of bestselling lip liners designed to seamlessly redefine, resize, and shape your lips<!--TgQPHd||[]-->. Featuring a rich, waterproof formula, it provides six-hour, smudge-proof wear.</p> <p>Master Dupe.</p>",GlowGlamByMimi,,"","",true,Title,Default Title,,,,,,,,,0.0,,0,deny,manual,4831.00,10980.00,true,false,,,,,,https://cdn.shopify.com/s/files/1/0890/6968/2722/files/GGWebsiteImages2_63.jpg?v=1782382687,1,"",false,,,,kg,,,active
charlotte-tilbury-iconic-mini-lip-cheat-trio,,,,,,,,,,,,,,,,,,,,,,,,,,,,,,,,https://cdn.shopify.com/s/files/1/0890/6968/2722/files/GGWebsiteImages2_64.jpg?v=1782382687,2,"",,,,,,,,
charlotte-tilbury-iconic-mini-lip-cheat-trio,,,,,,,,,,,,,,,,,,,,,,,,,,,,,,,,https://cdn.shopify.com/s/files/1/0890/6968/2722/files/GGWebsiteImages2_65.jpg?v=1782382688,3,"",,,,,,,,
charlotte-tilbury-iconic-mini-lip-cheat-trio,,,,,,,,,,,,,,,,,,,,,,,,,,,,,,,,https://cdn.shopify.com/s/files/1/0890/6968/2722/files/GGWebsiteImages2_66.jpg?v=1782382687,4,"",,,,,,,,
charlotte-tilbury-iconic-mini-lip-cheat-trio,,,,,,,,,,,,,,,,,,,,,,,,,,,,,,,,https://cdn.shopify.com/s/files/1/0890/6968/2722/files/GGWebsiteImages2_68.jpg?v=1782382687,5,"",,,,,,,,
charlotte-tilbury-iconic-mini-lip-cheat-trio,,,,,,,,,,,,,,,,,,,,,,,,,,,,,,,,https://cdn.shopify.com/s/files/1/0890/6968/2722/files/GGWebsiteImages2_69.jpg?v=1782382687,6,"",,,,,,,,
milk-makeup-cooling-jelly-tint,MILK Makeup | Cooling Jelly Tint,"<p><span>A long-lasting blush and lip stain with a hydrating, bouncy jelly texture that glides on for a sheer, buildable burst of color that lasts all day.</span></p> <p><strong>Suggested Usage:</strong></p> <p>-On first use: Gently twist off the protective cap to remove and discard.</p> <p>-Gently swipe or swirl the stick directly onto lip and cheeks.</p> <p>-It dries fast, so work one cheek at a time and blend quickly with fingers, brush or sponge.</p> <p>-Build to your desired payoff.</p> <p>-Close cap back on tightly (listen for the click!) and store at room temperature, away from direct sunlight.</p> <p>-To completely remove stain from skin, use an oil-based cleanser.</p> <p>-Pro Tip: Sweep brush over stick, then onto cheeks for a softer, more diffused blush look. For more intense color, swipe on multiple layers. Want an even cooler refresh? Store your stick in the fridge.</p> <p>Master dupe.</p>",GlowGlamByMimi,,"","",true,Shades,Burst - Poppy Pink,,,,,,,,,0.0,,0,deny,manual,1223.00,2780.00,true,false,,,,,,https://cdn.shopify.com/s/files/1/0890/6968/2722/files/MilkBurst-PoppyPink.jpg?v=1782382686,1,"",false,,,https://cdn.shopify.com/s/files/1/0890/6968/2722/files/MilkBurst-PoppyPink.jpg?v=1782382686,kg,,,active
milk-makeup-cooling-jelly-tint,,,,,,,,,Chill - Red,,,,,,,,,0.0,,0,deny,manual,1223.00,2780.00,true,false,,,,,,https://cdn.shopify.com/s/files/1/0890/6968/2722/files/MilkChill-Red.jpg?v=1782382686,2,"",,,,https://cdn.shopify.com/s/files/1/0890/6968/2722/files/MilkChill-Red.jpg?v=1782382686,kg,,,
milk-makeup-cooling-jelly-tint,,,,,,,,,Splash - Berry Plum,,,,,,,,,0.0,,0,deny,manual,1223.00,2780.00,true,false,,,,,,https://cdn.shopify.com/s/files/1/0890/6968/2722/files/MilkSplash-BerryPlum.jpg?v=1782382686,3,"",,,,https://cdn.shopify.com/s/files/1/0890/6968/2722/files/MilkSplash-BerryPlum.jpg?v=1782382686,kg,,,
milk-makeup-cooling-jelly-tint,,,,,,,,,Spritz - Coral Orange,,,,,,,,,0.0,,0,deny,manual,1223.00,2780.00,true,false,,,,,,https://cdn.shopify.com/s/files/1/0890/6968/2722/files/MilkSpritz-CoralOrange.jpg?v=1782382686,4,"",,,,https://cdn.shopify.com/s/files/1/0890/6968/2722/files/MilkSpritz-CoralOrange.jpg?v=1782382686,kg,,,
milk-makeup-cooling-jelly-tint,,,,,,,,,,,,,,,,,,,,,,,,,,,,,,,,https://cdn.shopify.com/s/files/1/0890/6968/2722/files/MilkJellyInfo.jpg?v=1782382686,5,"",,,,,,,,
milk-makeup-cooling-jelly-tint,,,,,,,,,,,,,,,,,,,,,,,,,,,,,,,,https://cdn.shopify.com/s/files/1/0890/6968/2722/files/MilkJellyInfo2.jpg?v=1782382686,6,"",,,,,,,,
milk-makeup-cooling-jelly-tint,,,,,,,,,,,,,,,,,,,,,,,,,,,,,,,,https://cdn.shopify.com/s/files/1/0890/6968/2722/files/MilkJellySwatches.jpg?v=1782382686,7,"",,,,,,,,
kayali-vanilla-miniature-obsession-set-of-4,KAYALI | Vanilla Miniature Obsession Set of 4,"<p><span data-copy-service-computed-style='font-family: ""Google Sans"", Arial, sans-serif; font-size: 16px; font-weight: 400; margin: 0px; text-decoration: none; border-bottom: 0px rgb(10, 10, 10);'>The </span><span data-copy-service-computed-style='font-family: ""Google Sans"", Arial, sans-serif; font-size: 16px; font-weight: 600; margin: 0px; text-decoration: none; border-bottom: 0px rgb(10, 10, 10);'>KAYALI Vanilla Miniature Obsessions Set</span><!--TgQPHd||[]--><span data-copy-service-computed-style='font-family: ""Google Sans"", Arial, sans-serif; font-size: 16px; font-weight: 400; margin: 0px; text-decoration: none; border-bottom: 0px rgb(10, 10, 10);'> </span><span data-copy-service-computed-style='font-family: ""Google Sans"", Arial, sans-serif; font-size: 16px; font-weight: 400; margin: 0px; text-decoration: none; border-bottom: 0px rgb(10, 10, 10);'>is </span><!--qkimaf U95DIc_n/HugV6--><!--cqw1tb U95DIc_n/HugV6--><span data-copy-service-computed-style='font-family: ""Google Sans"", Arial, sans-serif; font-size: 16px; font-weight: 500; margin: 0px; text-decoration: none; border-bottom: 0px rgb(0, 29, 53);'>a curated discovery kit designed for fragrance layering</span><!--TgQPHd||[]--><span data-copy-service-computed-style='font-family: ""Google Sans"", Arial, sans-serif; font-size: 16px; font-weight: 400; margin: 0px; text-decoration: none; border-bottom: 0px rgb(10, 10, 10);'>. It contains four 10 mL travel-sized Eau de Parfums that explore different expressions of vanilla, ranging from cozy gourmands to sweet florals.</span></p> <p><span data-copy-service-computed-style='font-family: ""Google Sans"", Arial, sans-serif; font-size: 16px; font-weight: 400; margin: 0px; text-decoration: none; border-bottom: 0px rgb(10, 10, 10);'>Master Dupe.</span></p>",GlowGlamByMimi,,"","",true,Title,Default Title,,,,,,,,,0.0,,0,deny,manual,15752.00,35800.00,true,false,,,,,,https://cdn.shopify.com/s/files/1/0890/6968/2722/files/GG_Website_Images_2_83.jpg?v=1782382685,1,"",false,,,,kg,,,active
kayali-vanilla-miniature-obsession-set-of-4,,,,,,,,,,,,,,,,,,,,,,,,,,,,,,,,https://cdn.shopify.com/s/files/1/0890/6968/2722/files/GGWebsiteImages2_80.jpg?v=1782382686,2,"",,,,,,,,
kayali-vanilla-miniature-obsession-set-of-4,,,,,,,,,,,,,,,,,,,,,,,,,,,,,,,,https://cdn.shopify.com/s/files/1/0890/6968/2722/files/GGWebsiteImages2_81.jpg?v=1782382685,3,"",,,,,,,,
